r49, CH2, C3H2, H, H, H, H, H, H, 
Densities, 5.183122878743573, 12.52431725962072, 0.1728272811015358, 0.4917687963364842, 0.5502919612302899, 0.3324708950694157, 0.5447169009611216, 0.3845252545506822, 
Time[fs], 114.000000, 114.000000, 40.000000, 81.000000, 56.000000, 56.500000, 88.500000, 42.000000, 
Density Sum, 20.18404122761383
X Velocity[A/fs], 0.00136448, 0.0136781, -0.504866, -0.0652922, -0.223956, 0.283147, 0.0800475, 0.463774,  
Y Velocity[A/fs],-0.00875547, -0.00883612, -0.0844091, 0.0936042, 0.29345, 0.31123, 0.139784, -0.113885,  
Z Velocity[A/fs],-0.00363876, 0.00918917, -0.0926237, -0.2329, -0.00531507, -0.0456348, 0.181227, 0.124529,  
Speed[A/fs],0.00957917, 0.0186978, 0.520186, 0.259359, 0.369185, 0.423224, 0.242467, 0.493522, 

r3, C4H4, H, H, H, H, H, H, 
Densities, 17.99515779442083, 0.1981460651303269, 0.4835969484642429, 0.3146662690934246, 0.5315315909243505, 0.3596091539687077, 0.3044124086920929, 
Time[fs], 120.000000, 39.500000, 103.500000, 73.000000, 61.000000, 79.500000, 43.000000, 
Density Sum, 20.18712023069398
X Velocity[A/fs], 0.00855121, -0.507361, -0.0439849, -0.240763, 0.242151, 0.0540355, 0.459647,  
Y Velocity[A/fs],-0.00597468, -0.0820325, 0.0345129, 0.24011, 0.273481, 0.129839, -0.0982038,  
Z Velocity[A/fs],-0.00643365, -0.138461, -0.190169, -0.0291859, -0.0266526, 0.256708, 0.126933,  
Speed[A/fs],0.0122561, 0.532275, 0.198217, 0.341279, 0.36625, 0.292707, 0.486859, 

r22, C2H3, C2H3, H, H, H, H, 
Densities, 9.369561072446519, 9.495050444251612, 0.5012000223060055, 0.2432099669527322, 0.3012879181598784, 0.4274380148482327, 
Time[fs], 120.000000, 120.000000, 42.000000, 58.500000, 57.500000, 47.000000, 
Density Sum, 20.33774743896498
X Velocity[A/fs], -0.0121331, 0.027388, -0.448061, -0.246645, 0.263484, 0.392642,  
Y Velocity[A/fs],-0.0149632, 0.00292646, -0.103415, 0.325857, 0.329295, -0.140343,  
Z Velocity[A/fs],0.00331779, -0.00505238, -0.124854, -0.00696692, -0.0136964, 0.200546,  
Speed[A/fs],0.0195478, 0.0280035, 0.476489, 0.408737, 0.421956, 0.462691, 

r40, C3H, CH2, H, H, H, H, H, H, H, 
Densities, 12.173496331163, 5.23921545405049, 0.4116332724160926, 0.3474594200489093, 0.4544218689125936, 0.5280546344969482, 0.3299247823101604, 0.4934886983328672, 0.1787060664357146, 
Time[fs], 120.000000, 120.000000, 89.000000, 44.500000, 78.000000, 57.500000, 64.500000, 114.000000, 41.000000, 
Density Sum, 20.15640052816678
X Velocity[A/fs], -0.00492754, 0.0117701, -0.191085, -0.434411, -0.0687187, -0.246168, 0.240306, 0.0331109, 0.503229,  
Y Velocity[A/fs],0.00269149, -0.0302624, -0.083941, -0.105166, 0.113618, 0.296708, 0.276033, 0.0916855, -0.0765742,  
Z Velocity[A/fs],-0.0150527, -0.00128366, 0.1187, -0.187629, -0.235697, 0.0113851, 0.0119505, 0.134021, 0.0707332,  
Speed[A/fs],0.0160658, 0.0324961, 0.240103, 0.484745, 0.270526, 0.385699, 0.366175, 0.165723, 0.513913, 

r34, CH2, C3, H, H, H, H, H, H, H, H, 
Densities, 5.396013292849918, 11.15580214598532, 0.3686428198540648, 0.3873016533322809, 0.3844386553395571, 0.6265614783137231, 0.3488125690329596, 0.4512537010384183, 0.55716017807828, 0.2734900784677745, 
Time[fs], 120.000000, 120.000000, 40.000000, 61.500000, 54.500000, 54.000000, 64.500000, 103.000000, 85.000000, 40.500000, 
Density Sum, 19.94947657229229
X Velocity[A/fs], -0.0270095, -0.0075708, -0.481188, -0.0444131, -0.225977, 0.247041, 0.0515722, 0.154159, 0.182006, 0.500138,  
Y Velocity[A/fs],-0.0251541, -0.008573, -0.0724906, 0.119553, 0.331411, 0.303036, 0.130872, -0.019384, -0.146594, -0.0889059,  
Z Velocity[A/fs],0.00252152, -0.0159077, -0.13122, -0.312201, 0.0334612, -0.0174725, 0.307783, 0.0883423, -0.128973, 0.182475,  
Speed[A/fs],0.0369946, 0.0195925, 0.503999, 0.337246, 0.402515, 0.391363, 0.338405, 0.178732, 0.266927, 0.539759, 

r11, C2H3, C2H2, H, H, H, H, H, 
Densities, 9.646698987797219, 8.840473395335746, 0.1533293665703337, 0.2475749105878127, 0.4331609508557563, 0.3408904463582693, 0.5269229001811994, 
Time[fs], 120.000000, 120.000000, 40.000000, 62.000000, 54.500000, 76.000000, 45.500000, 
Density Sum, 20.18905095768633
X Velocity[A/fs], -0.0102322, 0.0165473, -0.508463, -0.233024, 0.260975, 0.0589357, 0.405007,  
Y Velocity[A/fs],-0.0153066, -0.0160406, -0.0434874, 0.298646, 0.320244, 0.1441, -0.102194,  
Z Velocity[A/fs],-0.00311272, -0.00745037, -0.157034, -0.0122766, -0.0382432, 0.261577, 0.161833,  
Speed[A/fs],0.018673, 0.0242203, 0.533934, 0.378999, 0.414881, 0.304402, 0.447955, 

r47, C3H3, CH2, H, H, H, H, H, 
Densities, 13.39823043693196, 4.93557411131869, 0.3534017730048583, 0.5016732031660108, 0.2504276063181533, 0.3858120247695283, 0.4408441279896039, 
Time[fs], 120.000000, 120.000000, 47.000000, 107.500000, 56.500000, 59.000000, 41.000000, 
Density Sum, 20.26596328349881
X Velocity[A/fs], -0.0173372, 0.0263166, -0.399706, -0.0570271, -0.271385, 0.239405, 0.471222,  
Y Velocity[A/fs],-0.00786433, -0.0176415, -0.146555, 0.109066, 0.328989, 0.302812, -0.0845499,  
Z Velocity[A/fs],-0.000887635, 0.00663639, -0.194177, -0.241208, 0.00278465, -0.00929625, 0.103535,  
Speed[A/fs],0.0190581, 0.0323702, 0.467919, 0.270793, 0.426487, 0.38613, 0.489815, 

r6, C3H2, CH2, H, H, H, H, H, H, 
Densities, 12.51169766883383, 5.100350063295774, 0.536306529171437, 0.5643505839434815, 0.4124202203631292, 0.1978349352941851, 0.3986333619752202, 0.469545497511227, 
Time[fs], 120.000000, 120.000000, 100.000000, 43.500000, 75.500000, 55.500000, 54.500000, 44.500000, 
Density Sum, 20.19113886038829
X Velocity[A/fs], -0.0157548, 0.0424529, -0.145665, -0.433611, -0.0697973, -0.25735, 0.292744, 0.430122,  
Y Velocity[A/fs],-0.00466689, -0.0253792, -0.073973, -0.147042, 0.0506605, 0.361861, 0.315114, -0.107034,  
Z Velocity[A/fs],0.0183954, -0.00376664, 0.183367, -0.085221, -0.288986, -0.0556179, -0.0389791, 0.12882,  
Speed[A/fs],0.0246655, 0.0496038, 0.245589, 0.465728, 0.301581, 0.447511, 0.431874, 0.46158, 

r27, C3H, CH2, H, H, H, H, H, H, H, 
Densities, 12.0146042085649, 5.050774250997499, 0.5864220823406078, 0.560660174156898, 0.5819047202085194, 0.2939112868938188, 0.292480768218046, 0.454409227801055, 0.2963681095389246, 
Time[fs], 120.000000, 120.000000, 103.500000, 42.000000, 82.000000, 54.500000, 56.500000, 77.000000, 42.000000, 
Density Sum, 20.13153482872027
X Velocity[A/fs], -0.00364549, 0.012059, -0.139223, -0.457333, -0.0647669, -0.270765, 0.267531, 0.0780831, 0.473316,  
Y Velocity[A/fs],-0.0210392, 0.00017114, -0.0898775, -0.0910485, 0.0561845, 0.337497, 0.315428, 0.152848, -0.0939889,  
Z Velocity[A/fs],0.00546404, -0.00189888, 0.126748, -0.052196, -0.228756, -0.0283736, -0.0799354, 0.232188, 0.158449,  
Speed[A/fs],0.0220407, 0.0122088, 0.208629, 0.46922, 0.244296, 0.433616, 0.421257, 0.28874, 0.507906, 

r5, CH2, C3H4, H, H, H, H, 
Densities, 5.062361281144614, 13.95008105127645, 0.5492648478797769, 0.2631507797703199, 0.2217963028603448, 0.4523867844275148, 
Time[fs], 120.000000, 120.000000, 47.000000, 66.000000, 58.000000, 46.000000, 
Density Sum, 20.49904104735902
X Velocity[A/fs], -0.0335126, -0.000152716, -0.376813, -0.24488, 0.242863, 0.40474,  
Y Velocity[A/fs],-0.0393752, 2.1133e-07, -0.138959, 0.290599, 0.341204, -0.126461,  
Z Velocity[A/fs],0.00146454, -0.00779534, -0.189676, -0.0306505, 0.00817811, 0.155336,  
Speed[A/fs],0.0517266, 0.00779683, 0.444156, 0.381253, 0.418891, 0.451593, 

r39, C2H2, C2H3, H, H, H, H, H, 
Densities, 8.855089654364052, 9.708510223770062, 0.3772378411190487, 0.4394446321845383, 0.213267301490512, 0.3465282007036679, 0.3303282408813317, 
Time[fs], 120.000000, 120.000000, 42.500000, 89.500000, 64.000000, 51.500000, 48.500000, 
Density Sum, 20.27040609451321
X Velocity[A/fs], 0.00449013, 0.0209543, -0.456456, -0.0358492, -0.229976, 0.286462, 0.388812,  
Y Velocity[A/fs],-0.01817, -0.0128823, -0.0779711, 0.0991127, 0.296106, 0.343653, -0.137426,  
Z Velocity[A/fs],0.000223272, 0.0187576, -0.14377, -0.220664, 0.0255408, -0.00270566, 0.171988,  
Speed[A/fs],0.0187179, 0.0309335, 0.484872, 0.244543, 0.375793, 0.447398, 0.446811, 

r35, C4H5, H, H, H, H, H, 
Densities, 18.2586474993568, 0.3671401383400769, 0.4104148665342001, 0.3802838805546901, 0.4940763970888509, 0.3240240774677508, 
Time[fs], 120.000000, 43.000000, 53.000000, 66.500000, 77.000000, 44.000000, 
Density Sum, 20.23458685934237
X Velocity[A/fs], -0.00300036, -0.433317, -0.247036, 0.230803, 0.0318552, 0.443663,  
Y Velocity[A/fs],-0.00284183, -0.122866, 0.338465, 0.283269, 0.123344, -0.118091,  
Z Velocity[A/fs],-0.0109713, -0.170488, -0.0149204, -0.0285518, 0.271122, 0.173724,  
Speed[A/fs],0.0117238, 0.481587, 0.419295, 0.366506, 0.299559, 0.490879, 

r14, C4H5, H, H, H, H, H, 
Densities, 18.25125655571131, 0.415897321972069, 0.4332569793933227, 0.4267616498751946, 0.4208914410373115, 0.1611246450645747, 
Time[fs], 120.000000, 41.000000, 54.500000, 57.000000, 76.000000, 41.000000, 
Density Sum, 20.10918859305379
X Velocity[A/fs], -0.00926613, -0.469171, -0.248712, 0.265872, 0.0487734, 0.493923,  
Y Velocity[A/fs],-0.0123241, -0.073486, 0.320244, 0.298613, 0.136546, -0.109959,  
Z Velocity[A/fs],-0.00331129, -0.151861, 0.0304615, -0.0127861, 0.262715, 0.166829,  
Speed[A/fs],0.0157705, 0.498581, 0.406622, 0.400026, 0.300072, 0.532806, 

r29, C3H2, CH2, H, H, H, H, H, H, 
Densities, 12.54254168857066, 5.168599411709812, 0.3136382233864921, 0.6556293883015537, 0.4808450056018958, 0.3865888351702595, 0.3264671020322314, 0.1912073548112179, 
Time[fs], 120.000000, 120.000000, 38.500000, 120.000000, 57.000000, 55.000000, 89.500000, 40.500000, 
Density Sum, 20.06551700958412
X Velocity[A/fs], -0.0131823, 0.0245418, -0.523979, -0.0569876, -0.219757, 0.262555, 0.116282, 0.495242,  
Y Velocity[A/fs],-0.00843197, -0.0513133, -0.0554624, 0.111336, 0.307856, 0.315339, 0.164336, -0.0972959,  
Z Velocity[A/fs],-0.00217158, -0.000714444, -0.0492193, -0.0903923, -0.0411356, -0.0759918, 0.194984, 0.110882,  
Speed[A/fs],0.0157984, 0.0568847, 0.5292, 0.154318, 0.380474, 0.417311, 0.280262, 0.516745, 

r2, CH2, C3H3, H, H, H, H, H, 
Densities, 5.144879889422114, 13.53401111597791, 0.3066141418300984, 0.2233378463834246, 0.2093867494636174, 0.3558053322865354, 0.5727408064734716, 
Time[fs], 120.000000, 120.000000, 42.500000, 67.000000, 58.000000, 89.500000, 48.000000, 
Density Sum, 20.34677588183717
X Velocity[A/fs], -0.0205403, -0.00909842, -0.457062, -0.226073, 0.243914, 0.195768, 0.386504,  
Y Velocity[A/fs],-0.0186896, -0.00200321, -0.0905264, 0.281805, 0.349197, -0.120573, -0.106143,  
Z Velocity[A/fs],0.00214, 0.00486343, -0.1767, -0.00976736, 0.0186078, -0.156463, 0.146301,  
Speed[A/fs],0.0278529, 0.0105094, 0.49832, 0.361412, 0.426355, 0.278107, 0.42668, 

r41, CH2, C2, CH2, H, H, H, H, H, H, 
Densities, 5.229433036576858, 7.498761059154833, 5.204889976467054, 0.3975787618510825, 0.4959339434755384, 0.1740820214013151, 0.4710012129762402, 0.4730723736705499, 0.2008916977311032, 
Time[fs], 120.000000, 120.000000, 120.000000, 40.500000, 78.000000, 61.000000, 54.000000, 108.000000, 41.000000, 
Density Sum, 20.14564408330457
X Velocity[A/fs], -0.0342122, 0.00121151, 0.0268432, -0.476745, -0.0222892, -0.259381, 0.265264, 0.0644262, 0.49311,  
Y Velocity[A/fs],-0.0416491, -0.0162945, -0.0319039, -0.0847466, 0.0797998, 0.300284, 0.312163, 0.12363, -0.0982273,  
Z Velocity[A/fs],0.00210855, 0.000386667, -0.00412668, -0.142427, -0.243162, 0.0121731, -0.0417984, 0.139277, 0.0945891,  
Speed[A/fs],0.0539404, 0.0163441, 0.0418981, 0.504731, 0.25689, 0.396985, 0.411774, 0.197062, 0.511618, 

r19, CH2, C3H2, H, H, H, H, H, H, 
Densities, 5.192562484219274, 12.60143756750102, 0.4279066069794358, 0.4686680064867926, 0.2782141191187511, 0.5440710905255041, 0.4901764466752761, 0.2015926853473793, 
Time[fs], 120.000000, 120.000000, 41.500000, 69.500000, 61.000000, 53.500000, 82.500000, 40.000000, 
Density Sum, 20.20462900685343
X Velocity[A/fs], -0.0365241, 0.00225254, -0.464838, -0.0275708, -0.250653, 0.253873, 0.0918449, 0.495428,  
Y Velocity[A/fs],-0.0368348, -0.0136221, -0.0728115, 0.105946, 0.304647, 0.312738, 0.125658, -0.108893,  
Z Velocity[A/fs],0.0068107, 0.00614267, -0.156337, -0.285063, 0.015397, -0.0385001, 0.212024, 0.109248,  
Speed[A/fs],0.0523182, 0.0151119, 0.495799, 0.305362, 0.394808, 0.404647, 0.26302, 0.518885, 

r8, C4H4, H, H, H, H, H, H, 
Densities, 17.90999828314236, 0.3212095658535826, 0.4146171943487165, 0.3678324111341316, 0.4584920027896549, 0.4941170674347193, 0.2065510409405657, 
Time[fs], 120.000000, 108.500000, 46.000000, 57.000000, 52.500000, 120.000000, 40.000000, 
Density Sum, 20.17281756564373
X Velocity[A/fs], -0.00154101, -0.149139, -0.411634, -0.233154, 0.219584, 0.153817, 0.512847,  
Y Velocity[A/fs],-0.0172614, -0.175425, -0.101653, 0.317554, 0.341922, -0.121278, -0.0678153,  
Z Velocity[A/fs],-0.00245449, 0.151449, -0.167186, 0.0144173, 0.0140507, -0.0866067, 0.077685,  
Speed[A/fs],0.017503, 0.275596, 0.455771, 0.39422, 0.406602, 0.21417, 0.523112, 

r17, CH2, C2, CH2, H, H, H, H, H, H, 
Densities, 5.144005958526844, 7.382578414505325, 5.171941262835682, 0.4855166385699212, 0.4656318103229001, 0.3374428727009304, 0.2543965250011608, 0.4845233556405822, 0.4869339226130988, 
Time[fs], 120.000000, 120.000000, 120.000000, 42.500000, 85.500000, 55.000000, 58.500000, 76.000000, 45.500000, 
Density Sum, 20.21297076071645
X Velocity[A/fs], -0.0408265, 0.0135301, 0.00842208, -0.453794, -0.0746884, -0.258017, 0.278885, 0.0612775, 0.402944,  
Y Velocity[A/fs],-0.0288745, 0.00543084, -0.0221694, -0.0781169, 0.147206, 0.330614, 0.318279, 0.0966756, -0.169705,  
Z Velocity[A/fs],-0.00471749, 0.000431844, -0.00426138, -0.127748, -0.209597, 0.0773431, -0.00430989, 0.266143, 0.138556,  
Speed[A/fs],0.0502274, 0.0145857, 0.0240951, 0.47786, 0.266794, 0.426451, 0.423199, 0.289713, 0.458651, 

r42, C4H6, H, H, H, H, 
Densities, 19.11904396787303, 0.5663395860466431, 0.352234965979124, 0.2845715265826256, 0.15789263455785, 
Time[fs], 120.000000, 47.000000, 63.000000, 67.000000, 41.000000, 
Density Sum, 20.48008268103927
X Velocity[A/fs], 0.000826384, -0.392782, -0.257068, 0.209537, 0.503698,  
Y Velocity[A/fs],0.0080312, -0.0827166, 0.296112, 0.305291, -0.0853888,  
Z Velocity[A/fs],0.000373458, -0.154858, 0.00311223, 0.0238549, 0.0868578,  
Speed[A/fs],0.00808224, 0.430233, 0.392143, 0.371049, 0.518216, 

r31, CH2, C3H, H, H, H, H, H, H, H, 
Densities, 5.208231550983732, 12.12122988503856, 0.3176155449899618, 0.4459473317169999, 0.3877116077677903, 0.387100659099098, 0.4685714914875313, 0.4891760946443561, 0.2111938520039161, 
Time[fs], 120.000000, 120.000000, 39.000000, 102.000000, 54.000000, 57.000000, 63.500000, 117.000000, 40.500000, 
Density Sum, 20.03677801773194
X Velocity[A/fs], -0.0121621, 0.00119222, -0.519416, -0.0960928, -0.248191, 0.238367, 0.0697203, 0.125936, 0.504994,  
Y Velocity[A/fs],-0.0407377, 0.0140473, -0.0472063, 0.108512, 0.326471, 0.320304, 0.0624498, -0.00597886, -0.120777,  
Z Velocity[A/fs],-0.00505447, -0.00116861, -0.0560512, -0.164084, 0.0553565, 0.0162271, 0.332221, 0.117076, 0.00303486,  
Speed[A/fs],0.0428139, 0.0141462, 0.52456, 0.218934, 0.413819, 0.399596, 0.345154, 0.172053, 0.519245, 

r4, CH2, C3H2, H, H, H, H, H, H, 
Densities, 5.105969754429832, 12.53387198857807, 0.3909801034970521, 0.560573331353475, 0.5108869441058215, 0.4357005430833543, 0.2790057108582653, 0.1714918106287422, 
Time[fs], 120.000000, 120.000000, 42.000000, 86.000000, 55.500000, 52.000000, 57.000000, 40.500000, 
Density Sum, 19.98848018653461
X Velocity[A/fs], -0.0434372, 0.0119058, -0.448534, -0.077247, -0.261383, 0.244279, 0.0656078, 0.513674,  
Y Velocity[A/fs],-0.038111, 0.0014889, -0.10739, 0.162155, 0.296208, 0.338173, 0.068941, -0.104338,  
Z Velocity[A/fs],0.00853826, -0.0154197, -0.181413, -0.174538, 0.0323038, -0.004914, 0.360103, 0.0327148,  
Speed[A/fs],0.0584135, 0.019538, 0.495607, 0.250449, 0.396364, 0.417201, 0.372467, 0.525183, 

r1, CH2, C3H3, H, H, H, H, H, 
Densities, 5.017106681331511, 13.24110372308773, 0.3069521258719797, 0.2402352243246345, 0.3070427258766628, 0.916994470562694, 0.3858849136487781, 
Time[fs], 120.000000, 120.000000, 45.000000, 59.000000, 64.000000, 120.000000, 47.500000, 
Density Sum, 20.41531986470399
X Velocity[A/fs], -0.0354295, 0.014349, -0.434847, -0.254896, 0.224731, 0.0531145, 0.402776,  
Y Velocity[A/fs],-0.0319638, 0.00193357, -0.0764482, 0.312197, 0.295782, 0.0636889, -0.127683,  
Z Velocity[A/fs],0.00416476, 0.00282149, -0.161659, 0.00318607, 0.0265771, 0.064634, 0.155142,  
Speed[A/fs],0.0478987, 0.0147511, 0.470181, 0.40305, 0.372421, 0.105143, 0.450112, 

r37, C3H3, CH2, H, H, H, H, H, 
Densities, 13.40382510198958, 5.189587187135194, 0.5412407375292715, 0.4448760349540513, 0.2760148912484676, 0.2849118193647148, 0.1970359222020778, 
Time[fs], 120.000000, 120.000000, 47.000000, 87.500000, 58.000000, 63.500000, 41.500000, 
Density Sum, 20.33749169442336
X Velocity[A/fs], 0.011939, 0.0236671, -0.389944, -0.0481462, -0.27607, 0.209182, 0.475352,  
Y Velocity[A/fs],-0.0115602, -0.0213012, -0.0963813, 0.102781, 0.316156, 0.307607, -0.0846776,  
Z Velocity[A/fs],0.00771202, 0.00456779, -0.170587, -0.220979, 0.0231622, 0.0372872, 0.172357,  
Speed[A/fs],0.0183209, 0.0321673, 0.436401, 0.248422, 0.420364, 0.373858, 0.512676, 

r33, CH2, C3H2, H, H, H, H, H, H, 
Densities, 5.229248254391565, 12.76243436228788, 0.3986950671068529, 0.5149867784580041, 0.4924808535207162, 0.1401043328579489, 0.3869567400801954, 0.2132278675721483, 
Time[fs], 120.000000, 120.000000, 42.500000, 108.500000, 55.500000, 55.000000, 85.500000, 41.500000, 
Density Sum, 20.13813425627531
X Velocity[A/fs], -0.0231905, 0.00382355, -0.455658, -0.0462509, -0.241078, 0.288762, 0.049694, 0.480707,  
Y Velocity[A/fs],0.00382004, -0.00826049, -0.0939369, 0.0970788, 0.306042, 0.340539, 0.144487, -0.124069,  
Z Velocity[A/fs],0.000560467, 0.00834459, -0.0363372, -0.167994, -0.00359533, -0.0342219, 0.222722, 0.148004,  
Speed[A/fs],0.0235097, 0.0123486, 0.466657, 0.199463, 0.389607, 0.447796, 0.270095, 0.518052, 

r10, C2H3, C2H3, H, H, H, H, 
Densities, 9.567257385673674, 9.57235678966892, 0.5036931980688475, 0.3270031608740602, 0.2565435339641749, 0.1756443784516293, 
Time[fs], 120.000000, 120.000000, 44.000000, 59.500000, 59.500000, 48.500000, 
Density Sum, 20.40249844670131
X Velocity[A/fs], -0.00607239, 0.0322468, -0.411524, -0.268816, 0.192802, 0.430352,  
Y Velocity[A/fs],-0.0221872, 0.0225067, -0.123241, 0.283176, 0.341274, -0.0843163,  
Z Velocity[A/fs],-0.00112801, -0.00209511, -0.137318, 0.0661002, -0.0540289, 0.179848,  
Speed[A/fs],0.0230309, 0.0393802, 0.450995, 0.396005, 0.395676, 0.47398, 

r13, C4H4, H, H, H, H, H, H, 
Densities, 17.57652265645515, 0.7070366285088929, 0.3703743621031477, 0.3805718363676444, 0.3434831465445364, 0.5679696563564847, 0.4735240077878951, 
Time[fs], 120.000000, 120.000000, 41.000000, 57.500000, 57.000000, 120.000000, 46.500000, 
Density Sum, 20.41948229412375
X Velocity[A/fs], -0.00342217, -0.0337614, -0.47728, -0.254738, 0.231722, 0.033555, 0.399704,  
Y Velocity[A/fs],-0.0051615, -0.0534329, -0.0824477, 0.310977, 0.335537, -0.0174579, -0.120828,  
Z Velocity[A/fs],-0.0130025, 0.000446296, -0.122355, 0.0120966, -0.0308541, -0.0143822, 0.160303,  
Speed[A/fs],0.014402, 0.0632068, 0.499565, 0.402175, 0.40894, 0.0404669, 0.44728, 

r18, C3H4, CH, H, H, H, H, H, 
Densities, 14.33660365059445, 4.306625322486236, 0.3790927099463647, 0.3343757294501826, 0.250428917439244, 0.3890586614843794, 0.384002321837676, 
Time[fs], 120.000000, 120.000000, 45.000000, 58.000000, 66.000000, 96.000000, 48.000000, 
Density Sum, 20.38018731323853
X Velocity[A/fs], -0.0158817, 0.0248994, -0.444946, -0.233601, 0.226335, 0.161817, 0.401335,  
Y Velocity[A/fs],-0.0042732, -0.0124108, -0.0995155, 0.324247, 0.304233, -0.128934, -0.100664,  
Z Velocity[A/fs],0.00153641, -0.00780848, -0.0415532, -0.0243864, -0.0445504, -0.158351, 0.202508,  
Speed[A/fs],0.0165181, 0.0288961, 0.457829, 0.400375, 0.381799, 0.260545, 0.460665, 

r46, C2H2, C2H, H, H, H, H, H, H, H, 
Densities, 8.951823610750193, 8.113504418829516, 0.3518339583081342, 0.6427563329480573, 0.3361493085833752, 0.1889450277455218, 0.7624146054072798, 0.4360930774530585, 0.4404395069523805, 
Time[fs], 119.500000, 119.500000, 42.000000, 111.500000, 64.000000, 55.500000, 119.500000, 84.500000, 45.500000, 
Density Sum, 20.22395984697752
X Velocity[A/fs], -0.00148993, 0.00456706, -0.45629, -0.161956, -0.240544, 0.260493, -0.0308141, 0.218206, 0.415286,  
Y Velocity[A/fs],0.00597852, 0.0299787, -0.0866146, 0.0699175, 0.282515, 0.350754, 0.0175222, -0.113244, -0.087419,  
Z Velocity[A/fs],-0.00973984, 0.00405275, -0.169253, 0.022954, 0.0403061, -0.0244137, -0.0216558, -0.126686, 0.191583,  
Speed[A/fs],0.0115251, 0.0305942, 0.494317, 0.177891, 0.37323, 0.437585, 0.0415392, 0.276563, 0.465627, 

r44, CH2, C2, CH2, H, H, H, H, H, H, 
Densities, 5.035498777618638, 7.608360520809753, 5.238324812811883, 0.4388839702184753, 0.3955298968351219, 0.2741875018592648, 0.5118948615046267, 0.4335194307291912, 0.2446413640301996, 
Time[fs], 116.500000, 116.500000, 116.500000, 44.000000, 73.500000, 53.500000, 55.500000, 91.500000, 42.500000, 
Density Sum, 20.18084113641715
X Velocity[A/fs], -0.0257961, -0.0087616, 0.0281914, -0.414855, -0.0316661, -0.276505, 0.248194, 0.0428839, 0.463694,  
Y Velocity[A/fs],-0.0229933, -0.00302042, -0.000686385, -0.110934, 0.146764, 0.341445, 0.30887, 0.129217, -0.113206,  
Z Velocity[A/fs],-0.012539, -0.014446, 0.000236869, -0.177, -0.258294, 0.0337534, 0.00301217, 0.1929, 0.140792,  
Speed[A/fs],0.0367608, 0.0171632, 0.0282008, 0.464478, 0.298761, 0.440657, 0.396245, 0.236107, 0.497644, 

r38, C3H4, CH2, H, H, H, H, 
Densities, 14.17345451138421, 5.00484566668223, 0.368074805603486, 0.4675053257106726, 0.3257181860677557, 0.1960535103285682, 
Time[fs], 120.000000, 120.000000, 49.000000, 59.000000, 70.000000, 41.500000, 
Density Sum, 20.53565200577692
X Velocity[A/fs], -0.00484508, 0.0246367, -0.374321, -0.240081, 0.200678, 0.486777,  
Y Velocity[A/fs],0.00594508, -0.0147251, -0.151294, 0.293295, 0.282673, -0.0890337,  
Z Velocity[A/fs],0.00112725, 0.0026988, -0.162332, -0.0200445, -0.00677419, 0.101752,  
Speed[A/fs],0.00775174, 0.0288284, 0.435152, 0.379556, 0.34673, 0.505205, 

r12, CH2, C2H, CH2, H, H, H, H, H, 
Densities, 5.283696132377722, 8.037145217422751, 5.161111813646093, 0.1801097339645265, 0.4954506320216829, 0.2282305561643823, 0.3435178018899419, 0.393130297001396, 
Time[fs], 120.000000, 120.000000, 120.000000, 39.000000, 57.000000, 55.000000, 67.000000, 48.500000, 
Density Sum, 20.1223921844885
X Velocity[A/fs], 0.00497603, -0.00700135, 0.0342989, -0.504144, -0.243593, 0.270355, 0.0656343, 0.384143,  
Y Velocity[A/fs],-0.0444797, -0.0162575, 0.00869419, -0.134508, 0.281708, 0.334926, 0.124405, -0.184202,  
Z Velocity[A/fs],0.000978694, 0.0158438, -0.0235381, -0.0984284, -0.017122, -0.0340093, 0.299124, 0.121698,  
Speed[A/fs],0.0447678, 0.023756, 0.0424976, 0.530981, 0.372814, 0.431768, 0.330545, 0.443065, 

r48, CH2, C2H2, CH2, H, H, H, H, 
Densities, 5.183086657880656, 8.907857579490122, 5.029879269667229, 0.3554596632136913, 0.2777806915413906, 0.2890347336216402, 0.434711451223421, 
Time[fs], 108.000000, 108.000000, 108.000000, 51.500000, 61.000000, 58.000000, 44.500000, 
Density Sum, 20.47781004663815
X Velocity[A/fs], -0.0324345, 0.0048971, 0.0334812, -0.357421, -0.239409, 0.240226, 0.419402,  
Y Velocity[A/fs],-0.0313449, -0.00230018, -0.0131224, -0.131098, 0.297641, 0.323201, -0.0976847,  
Z Velocity[A/fs],-0.000494859, 0.0160126, 0.0175493, -0.201494, -0.036977, -0.0100066, 0.168023,  
Speed[A/fs],0.0451082, 0.016902, 0.0400145, 0.430739, 0.383763, 0.402825, 0.462246, 

r7, C3H2, CH2, H, H, H, H, H, H, 
Densities, 12.66981858709587, 5.04598127535438, 0.5074930946709868, 0.4771506662620764, 0.388881281957151, 0.217661644844817, 0.4479018007459179, 0.3838717879712997, 
Time[fs], 120.000000, 120.000000, 40.500000, 78.500000, 56.000000, 53.500000, 70.500000, 41.500000, 
Density Sum, 20.1387601389025
X Velocity[A/fs], -0.0117322, 0.0377276, -0.468299, -0.0652421, -0.264908, 0.271672, 0.0714781, 0.49302,  
Y Velocity[A/fs],-0.00613677, -0.029702, -0.0921519, 0.124046, 0.312071, 0.350676, 0.112337, -0.0834481,  
Z Velocity[A/fs],-0.00401531, 0.00487182, -0.119071, -0.232803, 0.00778054, -0.050298, 0.27743, 0.0495415,  
Speed[A/fs],0.0138357, 0.048263, 0.491908, 0.271738, 0.40942, 0.446441, 0.307727, 0.502481, 

r9, C2H3, C2H2, H, H, H, H, H, 
Densities, 9.470844294661596, 8.842951219638886, 0.3673501704594337, 0.4246436913647435, 0.3735564531486883, 0.4897270269297065, 0.1415987732517277, 
Time[fs], 120.000000, 120.000000, 40.500000, 55.000000, 55.000000, 86.500000, 40.000000, 
Density Sum, 20.11067162945478
X Velocity[A/fs], -0.0285678, -0.000759178, -0.490792, -0.256085, 0.22293, 0.0973248, 0.512947,  
Y Velocity[A/fs],-0.00607576, -0.0032152, -0.0915744, 0.312502, 0.331266, 0.154142, -0.0888092,  
Z Velocity[A/fs],0.00661093, -0.00583143, -0.0103659, -0.0291956, -0.0927786, 0.206678, 0.0619967,  
Speed[A/fs],0.0299456, 0.0067022, 0.499369, 0.405079, 0.40993, 0.275586, 0.524257, 

r24, CH2, C2H, CH, H, H, H, H, H, H, 
Densities, 5.088470250391714, 8.15456345784874, 4.329727495123206, 0.2940214006884453, 0.3090440697445668, 0.4141900970587289, 0.4487727927461421, 0.757969557419233, 0.5358885812343654, 
Time[fs], 120.000000, 120.000000, 120.000000, 46.000000, 61.500000, 58.000000, 84.500000, 120.000000, 48.500000, 
Density Sum, 20.33264770225514
X Velocity[A/fs], -0.0303345, -0.0167104, 0.0375834, -0.42698, -0.242484, 0.261215, 0.0446135, 0.0376206, 0.398691,  
Y Velocity[A/fs],-0.0242727, -0.0138387, -0.0306082, -0.135121, 0.308196, 0.312561, 0.142039, -0.051593, -0.103067,  
Z Velocity[A/fs],0.000865739, 0.0126582, 0.00688169, -0.157589, -0.0431458, -0.0288395, 0.233834, -0.0372891, 0.138051,  
Speed[A/fs],0.0388599, 0.0251192, 0.0489564, 0.474767, 0.394519, 0.408362, 0.277207, 0.0739434, 0.434322, 

r25, C4H5, H, H, H, H, H, 
Densities, 18.15598530668044, 0.4801838098446052, 0.2794970571209139, 0.2063151140247434, 0.9307339102979952, 0.3865350447385337, 
Time[fs], 120.000000, 42.500000, 56.000000, 64.500000, 120.000000, 47.000000, 
Density Sum, 20.43925024270723
X Velocity[A/fs], 0.014324, -0.43618, -0.226293, 0.270114, 0.0038624, 0.39384,  
Y Velocity[A/fs],-0.00397751, -0.0873234, 0.345891, 0.298032, 0.0156064, -0.171791,  
Z Velocity[A/fs],-0.00290249, -0.11962, -0.00864269, 0.028384, -0.0288716, 0.175483,  
Speed[A/fs],0.0151467, 0.460638, 0.41343, 0.403225, 0.0330461, 0.46413, 

r15, C2H2, C2H2, H, H, H, H, H, H, 
Densities, 8.916262894628225, 8.736476906315756, 0.4864475072051004, 0.4246591774969472, 0.3341202135325939, 0.306847445928503, 0.5983638296870707, 0.4346477643827818, 
Time[fs], 120.000000, 120.000000, 80.500000, 45.500000, 57.000000, 56.500000, 115.500000, 45.500000, 
Density Sum, 20.23782573917698
X Velocity[A/fs], -0.0168926, 0.0237892, -0.142531, -0.41674, -0.247267, 0.261941, 0.13016, 0.412871,  
Y Velocity[A/fs],-0.0155092, -0.0141554, -0.01552, -0.159602, 0.331205, 0.33442, 0.124928, -0.179137,  
Z Velocity[A/fs],-0.00684362, -0.0218113, 0.249582, -0.107549, -0.0207286, 0.0401776, 0.0785667, 0.128606,  
Speed[A/fs],0.0239318, 0.0352425, 0.287832, 0.459033, 0.413845, 0.42669, 0.196778, 0.468073, 

r26, C3H, CH2, H, H, H, H, H, H, H, 
Densities, 12.02421330213563, 5.120462048703581, 0.4037304980304393, 0.4253831353088741, 0.3750708189342349, 0.5292259726214797, 0.5444679028932798, 0.3395928286208311, 0.2108710625523527, 
Time[fs], 120.000000, 120.000000, 80.500000, 42.500000, 58.500000, 53.000000, 53.000000, 63.000000, 41.000000, 
Density Sum, 19.9730175698007
X Velocity[A/fs], 2.49613e-05, 0.0335481, -0.190959, -0.438019, -0.00204239, -0.240393, 0.261948, 0.0590571, 0.493047,  
Y Velocity[A/fs],-2.17247e-05, -0.045288, -0.1587, -0.109651, 0.131504, 0.322207, 0.310715, 0.139883, -0.109578,  
Z Velocity[A/fs],-0.00710082, -0.00391225, 0.153278, -0.178274, -0.331993, -0.00903308, -0.0272996, 0.308837, 0.143832,  
Speed[A/fs],0.0071009, 0.0564958, 0.291797, 0.485454, 0.357095, 0.402104, 0.407315, 0.344144, 0.525158, 

r30, CH2, C2, CH2, H, H, H, H, H, H, 
Densities, 5.190739607032424, 7.183350684136717, 5.35247434212681, 0.4544202834528999, 0.4680007560968936, 0.2444293119256558, 0.2030763482082767, 0.8016168878573762, 0.4416319341894012, 
Time[fs], 120.000000, 120.000000, 120.000000, 44.500000, 81.500000, 58.500000, 58.000000, 120.000000, 45.000000, 
Density Sum, 20.33974015502646
X Velocity[A/fs], -0.0149024, -0.00509474, 0.0350939, -0.43307, -0.0518286, -0.26998, 0.267874, 0.00607562, 0.437545,  
Y Velocity[A/fs],-0.0383695, -0.0125045, -0.03301, -0.100041, 0.11229, 0.317311, 0.328627, -0.0833218, -0.105208,  
Z Velocity[A/fs],0.00342074, -0.0103274, 0.00641976, -0.0897427, -0.236764, 0.00354275, 0.00480375, -0.0175751, 0.0903801,  
Speed[A/fs],0.0413038, 0.0169992, 0.0486051, 0.453444, 0.267118, 0.416639, 0.423999, 0.0853716, 0.459002, 

r45, CH2, C3H2, H, H, H, H, H, H, 
Densities, 5.310243202815081, 12.50489518181074, 0.510052291275513, 0.3270559783173868, 0.3990262898750024, 0.4675287250962379, 0.4173463452571128, 0.2731855814984412, 
Time[fs], 116.500000, 116.500000, 43.500000, 55.500000, 59.000000, 116.500000, 73.000000, 39.500000, 
Density Sum, 20.20933359594552
X Velocity[A/fs], -0.0379335, -0.0170376, -0.431371, -0.279048, 0.217886, 0.0651419, 0.241275, 0.504402,  
Y Velocity[A/fs],-0.0283471, -0.0132375, -0.0783217, 0.314759, 0.317705, 0.142625, -0.15082, -0.0732261,  
Z Velocity[A/fs],0.0125155, -0.00381251, -0.140262, 0.0151029, -0.000916914, 0.104422, -0.169253, 0.181829,  
Speed[A/fs],0.0489811, 0.0219099, 0.460313, 0.420915, 0.385243, 0.188385, 0.331069, 0.541152, 

r32, C4H3, H, H, H, H, H, H, H, 
Densities, 17.01073970120681, 0.1356597551176225, 0.6237156764079532, 0.557477799305352, 0.4214751768359635, 0.4597735411518176, 0.5480280686351426, 0.2882907679729165, 
Time[fs], 120.000000, 40.000000, 114.500000, 54.000000, 64.500000, 83.500000, 78.500000, 39.000000, 
Density Sum, 20.04516048663358
X Velocity[A/fs], 0.00682013, -0.509834, -0.0541365, -0.23596, 0.241317, 0.0581261, 0.219595, 0.508846,  
Y Velocity[A/fs],-0.0111683, -0.0847649, 0.1224, 0.311784, 0.282511, 0.109208, -0.143649, -0.0865554,  
Z Velocity[A/fs],0.00641805, -0.0884326, -0.108496, 0.00847278, -0.00449255, 0.231457, -0.108694, 0.184749,  
Speed[A/fs],0.0145752, 0.524344, 0.17229, 0.391099, 0.371573, 0.262445, 0.284028, 0.548223, 

r43, CH2, C3H, H, H, H, H, H, H, H, 
Densities, 5.05945406775635, 11.91207010334406, 0.240998074062214, 0.5347354432590846, 0.4147154287120017, 0.5631172161965767, 0.4209046621732383, 0.5773090075827491, 0.3318466202198642, 
Time[fs], 120.000000, 120.000000, 38.500000, 74.500000, 54.000000, 54.500000, 64.500000, 85.000000, 41.500000, 
Density Sum, 20.05515062330613
X Velocity[A/fs], -0.0313849, 0.013099, -0.522484, -0.0651255, -0.253568, 0.241181, 0.0558149, 0.211389, 0.479713,  
Y Velocity[A/fs],-0.0508404, 0.00781009, -0.0613188, 0.116076, 0.324597, 0.311037, 0.119915, -0.103265, -0.0807693,  
Z Velocity[A/fs],-0.00238769, -0.00234995, -0.101461, -0.247015, 0.0289491, -0.0392061, 0.306797, -0.112296, 0.151518,  
Speed[A/fs],0.0597951, 0.0154306, 0.535765, 0.280591, 0.412913, 0.395537, 0.334095, 0.26069, 0.509515, 

r16, CH3, C2H, CH2, H, H, H, H, 
Densities, 5.824139199778546, 7.979691825068179, 5.007044566207385, 0.333569804065699, 0.3578573396015148, 0.3443891504561452, 0.5144204080646089, 
Time[fs], 120.000000, 120.000000, 120.000000, 40.000000, 57.500000, 55.000000, 48.000000, 
Density Sum, 20.36111229324208
X Velocity[A/fs], -0.0170731, 0.00181936, 0.0410906, -0.501703, -0.21171, 0.273625, 0.383459,  
Y Velocity[A/fs],-0.0217906, 0.000114595, -0.0317503, -0.0426767, 0.331214, 0.329923, -0.126588,  
Z Velocity[A/fs],-0.00573927, -0.016154, -0.00258512, -0.0895417, 0.0209979, -0.0120738, 0.162225,  
Speed[A/fs],0.0282711, 0.0162565, 0.0519923, 0.511414, 0.393656, 0.428795, 0.435181, 

r23, C4H5, H, H, H, H, H, 
Densities, 18.59249147402031, 0.4888312534933448, 0.1284899840169307, 0.3519491308453889, 0.6045096990951651, 0.2786314154164388, 
Time[fs], 120.000000, 45.500000, 62.000000, 73.500000, 114.000000, 42.000000, 
Density Sum, 20.44490295688757
X Velocity[A/fs], -0.00909418, -0.400206, -0.265444, 0.209057, 0.0831357, 0.48362,  
Y Velocity[A/fs],-0.000528532, -0.123314, 0.319812, 0.258362, -0.180696, -0.0985145,  
Z Velocity[A/fs],-0.00419127, -0.158832, -0.0105, 0.0732312, -0.0388712, 0.0432561,  
Speed[A/fs],0.0100275, 0.447883, 0.415753, 0.340321, 0.202667, 0.495444, 

r36, C3H, CH, H, H, H, H, H, H, H, H, 
Densities, 11.92983568900993, 4.422458640456985, 0.4319273626987261, 0.299985680703389, 0.4334821381339024, 0.227366628156281, 0.4838907692962744, 0.4699392206664833, 0.7223049373713785, 0.2539815351948767, 
Time[fs], 120.000000, 120.000000, 66.000000, 38.500000, 64.000000, 47.000000, 49.500000, 59.000000, 120.000000, 39.000000, 
Density Sum, 19.67517260168823
X Velocity[A/fs], -0.00636094, 0.035304, -0.145462, -0.527285, -0.0559225, -0.296027, 0.261525, 0.0745171, 0.0318263, 0.506996,  
Y Velocity[A/fs],-0.00751947, -0.00320391, -0.254001, -0.0496752, 0.170025, 0.384071, 0.333717, 0.0532954, 0.0127267, -0.131711,  
Z Velocity[A/fs],0.00924284, -0.0026273, -0.123703, -0.105887, -0.260528, 0.0501034, 0.0248002, 0.309861, 0.042867, 0.0856158,  
Speed[A/fs],0.0135068, 0.0355464, 0.317771, 0.540102, 0.316087, 0.487496, 0.424708, 0.323121, 0.0548859, 0.530776, 

r50, C2H, C2H2, H, H, H, H, H, H, H, 
Densities, 7.97735969834313, 8.890281488242385, 0.9058762129958344, 0.2902659467735778, 0.4614348264895847, 0.3494074221943052, 0.4490269901795836, 0.6158454714327494, 0.1735512734792365, 
Time[fs], 114.000000, 114.000000, 114.000000, 40.500000, 74.500000, 56.500000, 54.500000, 110.500000, 41.000000, 
Density Sum, 20.11304933013038
X Velocity[A/fs], -0.00161634, -0.0100123, -0.00621682, -0.473035, -0.0636045, -0.251919, 0.241813, 0.140553, 0.498134,  
Y Velocity[A/fs],0.00874885, 0.00734502, -0.0931829, -0.113891, 0.149523, 0.302695, 0.313621, -0.0269748, -0.096455,  
Z Velocity[A/fs],0.0013416, 0.0102282, -0.0143586, -0.145438, -0.2345, 0.0601251, 0.00303485, -0.124681, 0.0478228,  
Speed[A/fs],0.00899749, 0.0160876, 0.0944874, 0.507825, 0.285295, 0.398375, 0.396031, 0.189811, 0.509635, 

r20, C3H2, CH2, H, H, H, H, H, H, 
Densities, 12.67542716386216, 5.150050589637639, 0.261972421244743, 0.4504913593913715, 0.3713865165238344, 0.3748714601269809, 0.3935995201878733, 0.3894256621161616, 
Time[fs], 120.000000, 120.000000, 41.500000, 120.000000, 54.500000, 55.000000, 79.000000, 39.500000, 
Density Sum, 20.06722469309076
X Velocity[A/fs], -0.0110561, 0.0382454, -0.46105, -0.0942002, -0.266931, 0.238432, 0.12037, 0.500843,  
Y Velocity[A/fs],-0.00756844, -0.0173949, -0.106923, 0.151853, 0.317436, 0.339923, 0.04555, -0.108748,  
Z Velocity[A/fs],-0.00414517, -0.00393894, -0.187222, 0.0876518, 0.0586146, 0.0201764, 0.268493, 0.0872006,  
Speed[A/fs],0.014025, 0.0421996, 0.508971, 0.199037, 0.418872, 0.415698, 0.297745, 0.519879, 

r21, C4H3, H, H, H, H, H, H, H, 
Densities, 16.95512731576153, 0.3764485142229257, 0.5646102626631581, 0.5542178478252643, 0.4027625973961357, 0.3630072128201291, 0.5903806073354622, 0.4454986932594497, 
Time[fs], 120.000000, 120.000000, 42.000000, 114.000000, 57.000000, 58.500000, 120.000000, 44.500000, 
Density Sum, 20.25205305128406
X Velocity[A/fs], 0.0017474, -0.167189, -0.470343, 0.00615322, -0.250807, 0.267707, 0.0897346, 0.44541,  
Y Velocity[A/fs],-0.0192797, -0.0652211, -0.0565768, 0.205173, 0.333073, 0.316541, 0.135991, -0.0928741,  
Z Velocity[A/fs],-0.00118704, -0.137874, -0.104963, -0.00330114, 0.00514427, -0.0170352, -0.0956358, 0.123443,  
Speed[A/fs],0.0193951, 0.226307, 0.485222, 0.205292, 0.416975, 0.414916, 0.188924, 0.471438, 

r28, C3H, CH2, H, H, H, H, H, H, H, 
Densities, 11.87539951231433, 5.214892966983038, 0.6392366294339006, 0.4616322988478466, 0.3986287148585478, 0.4619898381695389, 0.2832385649177317, 0.5306325936060911, 0.1818129663937734, 
Time[fs], 120.000000, 120.000000, 101.500000, 43.000000, 61.500000, 54.500000, 56.000000, 82.500000, 41.500000, 
Density Sum, 20.04746408552479
X Velocity[A/fs], -0.0140739, 0.0340167, -0.158934, -0.445074, -0.0391659, -0.247494, 0.28189, 0.0396071, 0.473248,  
Y Velocity[A/fs],-0.00296857, -0.0078889, -0.0658319, -0.0851012, 0.125369, 0.318151, 0.310224, 0.129611, -0.121906,  
Z Velocity[A/fs],0.00359608, -0.00364481, 0.0737573, -0.136742, -0.311248, 0.0380017, -0.00346184, 0.21141, 0.162224,  
Speed[A/fs],0.0148263, 0.0351092, 0.187174, 0.47332, 0.337826, 0.404867, 0.419181, 0.251122, 0.514919, 

