C2H2_14r176, C[0], C[1], H[2], H[3], 
Densities, 2.082274268601753, 1.540089114498976, 0.001067067796122197, 9.746909114164561e-05, 
Time[fs], 62.500000, 63.000000, 26.500000, 26.500000, 
Density Sum, 3.623527919987993
X Velocity[A/fs], -0.160676, 0.160694, -0.805771, 0.8182,  
Y Velocity[A/fs],0.000298933, 0.00057795, 0.0443864, -0.00992049,  
Z Velocity[A/fs],0.000543144, 0.00471613, -0.0584613, -0.0352368,  
Speed[A/fs],0.160677, 0.160764, 0.809108, 0.819019, 

C2H2_14r161, C[0], C[1], H[2], H[3], 
Densities, 1.805326679757109, 1.945681444672263, 0.0006259543295877954, 0.0001109393407356447, 
Time[fs], 64.000000, 65.000000, 26.500000, 27.000000, 
Density Sum, 3.751745018099696
X Velocity[A/fs], -0.157294, 0.151491, -0.785047, 0.791162,  
Y Velocity[A/fs],0.00507794, 0.00487509, -0.103223, 0.0873242,  
Z Velocity[A/fs],0.00834358, 0.00092981, -0.0608105, 0.0677905,  
Speed[A/fs],0.157597, 0.151572, 0.794136, 0.798848, 

C2H2_14r17, C[0], C[1], H[2], H[3], 
Densities, 1.821742270921424, 1.889355076582878, 0.0006824236190815763, 4.976024484995003e-05, 
Time[fs], 62.500000, 65.500000, 26.500000, 26.500000, 
Density Sum, 3.711829531368233
X Velocity[A/fs], -0.162672, 0.151472, -0.798268, 0.794176,  
Y Velocity[A/fs],-0.00282174, -0.00799912, 0.0284512, -0.0187494,  
Z Velocity[A/fs],-0.000640013, 0.000827797, -0.0802437, 0.0741061,  
Speed[A/fs],0.162698, 0.151686, 0.802795, 0.797847, 

C2H2_14r2, C[0], C[1], H[2], H[3], 
Densities, 1.918613295354811, 1.786078864162912, 0.0005359518880780632, 3.66717270342144e-05, 
Time[fs], 64.000000, 64.000000, 26.500000, 26.500000, 
Density Sum, 3.705264783132835
X Velocity[A/fs], -0.156326, 0.155258, -0.786369, 0.793705,  
Y Velocity[A/fs],0.00410084, 0.00480482, -0.0867615, 0.0715364,  
Z Velocity[A/fs],0.00206286, 0.00145655, -0.0908905, 0.105514,  
Speed[A/fs],0.156393, 0.155339, 0.796344, 0.803877, 

C2H2_14r43, C[0], C[1], H[2], H[3], 
Densities, 1.92283519690984, 1.777041941300242, 0.0007664080386237201, 3.970589685171782e-05, 
Time[fs], 63.000000, 64.500000, 26.500000, 26.500000, 
Density Sum, 3.700683252145557
X Velocity[A/fs], -0.160894, 0.153977, -0.799022, 0.794762,  
Y Velocity[A/fs],-0.00346908, 0.00231039, 0.0263436, 0.0510829,  
Z Velocity[A/fs],0.00435688, -0.00366597, -0.0631535, 0.0468605,  
Speed[A/fs],0.16099, 0.154038, 0.801946, 0.79778, 

C2H2_14r84, C[0], C[1], H[2], H[3], 
Densities, 1.890167885541295, 1.770479776978276, 0.0007316102667122156, 4.457390696283022e-05, 
Time[fs], 63.500000, 63.500000, 26.500000, 26.500000, 
Density Sum, 3.661423846693246
X Velocity[A/fs], -0.157759, 0.160861, -0.792968, 0.803956,  
Y Velocity[A/fs],-0.000130414, -0.00112246, -0.0945005, 0.0596128,  
Z Velocity[A/fs],0.00290637, 0.000527041, -0.0824986, -0.0259587,  
Speed[A/fs],0.157786, 0.160865, 0.802829, 0.806581, 

C2H2_14r3, C[0], C[1], H[2], H[3], 
Densities, 1.717697520373521, 1.926420997363754, 0.001107945483977104, 9.894270616090661e-05, 
Time[fs], 65.000000, 61.000000, 26.500000, 26.500000, 
Density Sum, 3.645325405927413
X Velocity[A/fs], -0.155903, 0.168102, -0.802636, 0.812312,  
Y Velocity[A/fs],-0.00399257, 0.000542023, -0.0501956, 0.0118305,  
Z Velocity[A/fs],0.000366402, 0.00731192, 0.0332428, 0.0798987,  
Speed[A/fs],0.155955, 0.168262, 0.804891, 0.816317, 

C2H2_14r46, C[0], C[1], H[2], H[3], 
Densities, 1.675102654913559, 2.102521554426528, 0.0002879961160429056, 5.032608916287957e-05, 
Time[fs], 67.500000, 64.500000, 26.500000, 26.500000, 
Density Sum, 3.777962531545292
X Velocity[A/fs], -0.147505, 0.153414, -0.789212, 0.795084,  
Y Velocity[A/fs],0.00162007, -0.00771973, -0.0296411, 0.0861481,  
Z Velocity[A/fs],0.00784775, 0.00225441, -0.0495902, 0.0886564,  
Speed[A/fs],0.147723, 0.153625, 0.791324, 0.804637, 

C2H2_14r164, C[0], C[1], H[2], H[3], 
Densities, 1.736720057760432, 1.925789448981249, 0.0007350973686158462, 5.802256140921419e-05, 
Time[fs], 61.500000, 63.500000, 26.500000, 26.500000, 
Density Sum, 3.663302626671707
X Velocity[A/fs], -0.163877, 0.15747, -0.805095, 0.789619,  
Y Velocity[A/fs],0.00184807, 0.00512791, -0.0680793, 0.0410817,  
Z Velocity[A/fs],0.00855168, 0.00943246, -0.0940183, 0.0935541,  
Speed[A/fs],0.16411, 0.157836, 0.81342, 0.796203, 

C2H2_14r49, C[0], C[1], H[2], H[3], 
Densities, 1.769241058595581, 1.953164210767592, 0.0007254598844007872, 8.9393414424923e-05, 
Time[fs], 65.000000, 64.000000, 26.500000, 26.500000, 
Density Sum, 3.723220122661999
X Velocity[A/fs], -0.15454, 0.156841, -0.791593, 0.79895,  
Y Velocity[A/fs],0.00327167, -0.00530351, -0.00482326, 0.0563778,  
Z Velocity[A/fs],0.0021037, 0.000415991, 0.0945903, -0.0998281,  
Speed[A/fs],0.154589, 0.156931, 0.797239, 0.807134, 

C2H2_14r52, C[0], C[1], H[2], H[3], 
Densities, 1.606759601740752, 2.105896060763193, 0.0005587992233517949, 4.309271475257796e-05, 
Time[fs], 65.000000, 63.500000, 26.500000, 26.500000, 
Density Sum, 3.713257554442049
X Velocity[A/fs], -0.153789, 0.158029, -0.787006, 0.790464,  
Y Velocity[A/fs],-0.00310976, 0.000571245, -0.100325, 0.0901788,  
Z Velocity[A/fs],-0.00653403, -0.00301557, -0.0735811, 0.0812737,  
Speed[A/fs],0.153959, 0.158059, 0.79678, 0.799732, 

C2H2_14r55, C[0], C[1], H[2], H[3], 
Densities, 2.202512190631604, 1.46195469205056, 0.001090621576071829, 0.0001082772596963601, 
Time[fs], 63.500000, 63.500000, 26.500000, 26.500000, 
Density Sum, 3.665665781517932
X Velocity[A/fs], -0.157884, 0.157564, -0.795308, 0.799249,  
Y Velocity[A/fs],-0.00525465, -0.00824976, 0.0864107, -0.115276,  
Z Velocity[A/fs],-0.00297868, -0.00454159, -0.0453886, -0.0538578,  
Speed[A/fs],0.157999, 0.157845, 0.801275, 0.809314, 

C2H2_14r123, C[0], C[1], H[2], H[3], 
Densities, 2.16540090967047, 1.668842675876631, 0.0007076340157930876, 9.555490404326733e-05, 
Time[fs], 65.500000, 65.500000, 26.500000, 26.500000, 
Density Sum, 3.835046774466937
X Velocity[A/fs], -0.150528, 0.149819, -0.779756, 0.803023,  
Y Velocity[A/fs],0.00523667, -0.00591697, -0.0692528, -0.0171944,  
Z Velocity[A/fs],0.00509867, -0.0049072, 0.0512074, -0.0440888,  
Speed[A/fs],0.150706, 0.150016, 0.784498, 0.804416, 

C2H2_14r110, C[0], C[1], H[2], H[3], 
Densities, 2.277367967528634, 1.418819827534289, 0.0008061024805032833, 5.004046406687647e-05, 
Time[fs], 64.500000, 63.500000, 26.500000, 26.500000, 
Density Sum, 3.697043938007495
X Velocity[A/fs], -0.153425, 0.160229, -0.788817, 0.813702,  
Y Velocity[A/fs],0.00426932, -0.00139062, -0.0813988, 0.0760711,  
Z Velocity[A/fs],0.00730092, -0.00570659, -0.0390145, -0.0365055,  
Speed[A/fs],0.153658, 0.160336, 0.793965, 0.818065, 

C2H2_14r21, C[0], C[1], H[2], H[3], 
Densities, 1.919624491106062, 1.741730602449259, 0.0006138624906526354, 7.067954463567752e-05, 
Time[fs], 62.000000, 64.000000, 26.500000, 26.500000, 
Density Sum, 3.66203963559061
X Velocity[A/fs], -0.163216, 0.158684, -0.795491, 0.80453,  
Y Velocity[A/fs],-0.00500962, -0.0035827, 0.0622268, 0.0535108,  
Z Velocity[A/fs],0.00778665, 0.0146586, 0.105967, -0.0719115,  
Speed[A/fs],0.163478, 0.1594, 0.804927, 0.809508, 

C2H2_14r111, C[0], C[1], H[2], H[3], 
Densities, 1.883721894682024, 1.807058270753513, 0.0008632197184062163, 5.390483816934805e-05, 
Time[fs], 63.500000, 63.500000, 26.500000, 26.500000, 
Density Sum, 3.691697289992112
X Velocity[A/fs], -0.160499, 0.158683, -0.792657, 0.792787,  
Y Velocity[A/fs],-0.00200279, -0.00224258, 0.0613142, 0.0457194,  
Z Velocity[A/fs],0.00219143, -0.000407867, 0.0949955, -0.100235,  
Speed[A/fs],0.160526, 0.1587, 0.80068, 0.800406, 

C2H2_14r64, C[0], C[1], H[2], H[3], 
Densities, 2.16164771151539, 1.444050111486927, 0.0007655451245769183, 6.312285859821802e-05, 
Time[fs], 61.500000, 61.500000, 26.500000, 26.500000, 
Density Sum, 3.606526490985492
X Velocity[A/fs], -0.163461, 0.167401, -0.792844, 0.813057,  
Y Velocity[A/fs],0.00027836, 0.0044813, -0.101595, 0.0783343,  
Z Velocity[A/fs],0.00153226, 0.00707847, 0.105129, -0.0978842,  
Speed[A/fs],0.163469, 0.16761, 0.806211, 0.822666, 

C2H2_14r119, C[0], C[1], H[2], H[3], 
Densities, 1.933146882320884, 1.719154605777621, 0.0006163108421442158, 5.752077253377951e-05, 
Time[fs], 61.500000, 66.000000, 26.500000, 26.500000, 
Density Sum, 3.652975319713183
X Velocity[A/fs], -0.16529, 0.151111, -0.801741, 0.801386,  
Y Velocity[A/fs],0.00351644, -0.00810366, 0.00183273, 0.058631,  
Z Velocity[A/fs],0.00172638, -0.000200292, 0.108592, -0.0571594,  
Speed[A/fs],0.165336, 0.151328, 0.809064, 0.805558, 

C2H2_14r35, C[0], C[1], H[2], H[3], 
Densities, 1.881403946683252, 1.897319759948665, 0.0004933114104305302, 0.0001012524596742475, 
Time[fs], 65.500000, 66.500000, 26.500000, 26.500000, 
Density Sum, 3.779318270502022
X Velocity[A/fs], -0.152664, 0.149364, -0.78513, 0.795636,  
Y Velocity[A/fs],-0.0036406, -0.00412882, -0.0470386, -0.0380017,  
Z Velocity[A/fs],0.000961055, 0.00137549, 0.0908431, -0.0601752,  
Speed[A/fs],0.152711, 0.149427, 0.791767, 0.798812, 

C2H2_14r56, C[0], C[1], H[2], H[3], 
Densities, 1.643965190687375, 2.053501164760148, 0.0009341812864182725, 4.015197400265943e-05, 
Time[fs], 64.500000, 65.000000, 26.500000, 26.500000, 
Density Sum, 3.698440688707943
X Velocity[A/fs], -0.155294, 0.153128, -0.801932, 0.79802,  
Y Velocity[A/fs],-0.000761962, -0.000954842, 0.017557, -0.0484471,  
Z Velocity[A/fs],0.00539802, 0.00120141, 0.0639681, 0.00634829,  
Speed[A/fs],0.15539, 0.153136, 0.80467, 0.799515, 

C2H2_14r77, C[0], C[1], H[2], H[3], 
Densities, 1.595005518938193, 2.023497930168155, 0.0008267289661277153, 4.521507698127215e-05, 
Time[fs], 63.000000, 61.000000, 26.500000, 26.500000, 
Density Sum, 3.619375393149458
X Velocity[A/fs], -0.161819, 0.166921, -0.802604, 0.800563,  
Y Velocity[A/fs],0.000463126, -0.0117465, 0.0790135, -0.110077,  
Z Velocity[A/fs],0.0050771, 0.0043987, -0.0853626, 0.0836032,  
Speed[A/fs],0.161899, 0.167392, 0.810989, 0.812408, 

C2H2_14r116, C[0], C[1], H[2], H[3], 
Densities, 2.143566000079831, 1.68155225736906, 0.0004438313555150533, 0.0001094052773971453, 
Time[fs], 68.000000, 65.000000, 26.500000, 26.500000, 
Density Sum, 3.825671494081803
X Velocity[A/fs], -0.144073, 0.151867, -0.774926, 0.797399,  
Y Velocity[A/fs],-0.00398057, 0.000692581, -0.0618735, -3.91634e-05,  
Z Velocity[A/fs],0.00547758, 0.0107142, -0.0734749, 0.0982101,  
Speed[A/fs],0.144232, 0.152246, 0.780857, 0.803424, 

C2H2_14r125, C[0], C[1], H[2], H[3], 
Densities, 1.962028203616962, 1.734526551220922, 0.0009161216194011221, 5.993971066383272e-05, 
Time[fs], 62.000000, 65.000000, 26.500000, 26.500000, 
Density Sum, 3.697530816167948
X Velocity[A/fs], -0.164699, 0.153389, -0.802816, 0.794205,  
Y Velocity[A/fs],0.00219694, 0.00940675, -0.0188843, 0.0673811,  
Z Velocity[A/fs],-0.00267648, -0.00110081, 0.0483489, 0.0413226,  
Speed[A/fs],0.164736, 0.153682, 0.804492, 0.798128, 

C2H2_14r103, C[0], C[1], H[2], H[3], 
Densities, 1.925754534839283, 1.717483840495887, 0.0008042116731999154, 0.0001058428096589588, 
Time[fs], 62.500000, 62.000000, 26.500000, 26.500000, 
Density Sum, 3.64414842981803
X Velocity[A/fs], -0.160729, 0.164012, -0.794733, 0.807429,  
Y Velocity[A/fs],-0.00399712, -0.000567459, -0.0925887, 0.102088,  
Z Velocity[A/fs],-0.00298207, -0.00124666, -0.090738, 0.0848994,  
Speed[A/fs],0.160807, 0.164018, 0.805237, 0.818274, 

C2H2_14r6, C[0], C[1], H[2], H[3], 
Densities, 1.431668331545695, 2.182991668682604, 0.0007706584700843559, 5.746754121572106e-05, 
Time[fs], 61.500000, 63.000000, 26.500000, 26.500000, 
Density Sum, 3.6154881262396
X Velocity[A/fs], -0.166529, 0.158533, -0.816742, 0.798112,  
Y Velocity[A/fs],-0.00141098, -0.0015513, 0.050922, -0.0408532,  
Z Velocity[A/fs],-0.000605986, -0.000308458, 0.0483932, -0.0555436,  
Speed[A/fs],0.166536, 0.158541, 0.819757, 0.801085, 

C2H2_14r44, C[0], C[1], H[2], H[3], 
Densities, 1.871226476284835, 1.767439944545567, 0.0005972337048483049, 7.762604501537324e-05, 
Time[fs], 62.500000, 62.500000, 26.500000, 26.500000, 
Density Sum, 3.639341280580266
X Velocity[A/fs], -0.163041, 0.163766, -0.803542, 0.79806,  
Y Velocity[A/fs],0.00184639, -0.00371892, -0.0313658, -0.0617198,  
Z Velocity[A/fs],0.00115239, 0.00298372, 0.111624, -0.121189,  
Speed[A/fs],0.163055, 0.163835, 0.811864, 0.809565, 

C2H2_14r174, C[0], C[1], H[2], H[3], 
Densities, 2.219125927479366, 1.424757833627249, 0.001066926869476661, 9.459448454127421e-05, 
Time[fs], 64.000000, 63.000000, 26.500000, 26.500000, 
Density Sum, 3.645045282460633
X Velocity[A/fs], -0.155343, 0.160757, -0.806549, 0.807982,  
Y Velocity[A/fs],0.000412111, -0.00448997, -0.0203634, -0.0686099,  
Z Velocity[A/fs],0.000597944, -0.00365794, 0.0113353, -0.0614221,  
Speed[A/fs],0.155345, 0.160861, 0.806885, 0.813212, 

C2H2_14r82, C[0], C[1], H[2], H[3], 
Densities, 1.970086495613547, 1.716708400989519, 0.001373837039036422, 4.642298399140528e-05, 
Time[fs], 61.500000, 64.000000, 26.500000, 26.500000, 
Density Sum, 3.688215156626093
X Velocity[A/fs], -0.163316, 0.154214, -0.79259, 0.80858,  
Y Velocity[A/fs],-0.000924253, -0.0045568, 0.0310159, 0.0236026,  
Z Velocity[A/fs],-0.00428095, -0.00728413, 0.110366, -0.0789587,  
Speed[A/fs],0.163375, 0.154453, 0.800838, 0.812769, 

C2H2_14r114, C[0], C[1], H[2], H[3], 
Densities, 1.627382997202766, 2.046440784732523, 0.0007605628623767292, 5.652789414185337e-05, 
Time[fs], 64.000000, 63.000000, 26.500000, 26.500000, 
Density Sum, 3.674640872691807
X Velocity[A/fs], -0.157581, 0.160085, -0.79301, 0.792384,  
Y Velocity[A/fs],0.00294152, 0.00833421, 0.101064, -0.0707365,  
Z Velocity[A/fs],0.00403851, -0.00269986, 0.079394, -0.0950946,  
Speed[A/fs],0.15766, 0.160325, 0.803357, 0.801199, 

C2H2_14r58, C[0], C[1], H[2], H[3], 
Densities, 1.882639253013758, 1.796695566416711, 0.001467775466101371, 6.256020118495647e-05, 
Time[fs], 63.500000, 62.000000, 26.500000, 26.500000, 
Density Sum, 3.680865155097755
X Velocity[A/fs], -0.159868, 0.163598, -0.804332, 0.798397,  
Y Velocity[A/fs],-0.00439238, -0.0052902, -0.0570616, -0.0294354,  
Z Velocity[A/fs],0.00152682, -0.00172665, -0.0228832, -0.0646493,  
Speed[A/fs],0.159936, 0.163693, 0.806678, 0.801551, 

C2H2_14r138, C[0], C[1], H[2], H[3], 
Densities, 1.155849164032358, 2.465177881361981, 0.0007417402506907252, 7.062851993775666e-05, 
Time[fs], 62.500000, 63.000000, 26.500000, 26.500000, 
Density Sum, 3.621839414164967
X Velocity[A/fs], -0.161197, 0.155958, -0.806539, 0.790143,  
Y Velocity[A/fs],-0.00106779, 0.000250793, 0.0358757, -0.0249651,  
Z Velocity[A/fs],-0.00148536, 0.00850208, 0.121517, -0.121306,  
Speed[A/fs],0.161208, 0.156189, 0.81643, 0.799791, 

C2H2_14r39, C[0], C[1], H[2], H[3], 
Densities, 1.774114186397579, 1.889153911423694, 0.001043060091847589, 9.830106234879443e-05, 
Time[fs], 62.500000, 62.500000, 26.500000, 26.500000, 
Density Sum, 3.664409458975469
X Velocity[A/fs], -0.163548, 0.161515, -0.801336, 0.799349,  
Y Velocity[A/fs],0.00507034, -7.07294e-05, -0.0385921, -0.0418881,  
Z Velocity[A/fs],-0.00221175, 0.00452241, -0.109458, 0.098406,  
Speed[A/fs],0.163642, 0.161579, 0.809698, 0.806472, 

C2H2_14r5, C[0], C[1], H[2], H[3], 
Densities, 2.212930184384414, 1.460211229896393, 0.0007242691110351427, 5.072306687270968e-05, 
Time[fs], 66.000000, 63.000000, 26.500000, 26.500000, 
Density Sum, 3.673916406458715
X Velocity[A/fs], -0.149806, 0.160983, -0.78992, 0.813724,  
Y Velocity[A/fs],-0.00219815, 0.000537325, 0.0543908, -0.0707349,  
Z Velocity[A/fs],-0.00416489, 0.0049098, 0.0598064, -0.0734419,  
Speed[A/fs],0.14988, 0.161058, 0.794046, 0.820088, 

C2H2_14r170, C[0], C[1], H[2], H[3], 
Densities, 1.923030854807615, 1.755168786781534, 0.0006824577974504961, 6.195048206315678e-05, 
Time[fs], 64.500000, 63.500000, 26.500000, 26.500000, 
Density Sum, 3.678944049868663
X Velocity[A/fs], -0.156958, 0.15786, -0.785437, 0.799498,  
Y Velocity[A/fs],-0.00839756, -0.00574017, 0.104929, -0.109645,  
Z Velocity[A/fs],-0.00797135, 0.00253019, 0.0685684, 0.0299017,  
Speed[A/fs],0.157385, 0.157984, 0.795376, 0.807535, 

C2H2_14r171, C[0], C[1], H[2], H[3], 
Densities, 1.847332947859035, 1.84180525113344, 0.0009573367622481878, 8.646505595445013e-05, 
Time[fs], 63.500000, 63.500000, 26.500000, 26.500000, 
Density Sum, 3.690182000810678
X Velocity[A/fs], -0.159045, 0.158881, -0.795774, 0.806688,  
Y Velocity[A/fs],-0.000732401, -0.00380479, 0.0445866, 0.0328375,  
Z Velocity[A/fs],0.00272989, -0.00229338, -0.0927686, 0.0748782,  
Speed[A/fs],0.15907, 0.158943, 0.802403, 0.810821, 

C2H2_14r158, C[0], C[1], H[2], H[3], 
Densities, 2.214016903853819, 1.478475771350104, 0.000487027242241232, 5.067676375330261e-05, 
Time[fs], 62.000000, 67.000000, 26.500000, 26.500000, 
Density Sum, 3.693030379209918
X Velocity[A/fs], -0.162133, 0.149146, -0.795222, 0.80494,  
Y Velocity[A/fs],0.00314261, 0.0023338, -0.0726049, -0.0220701,  
Z Velocity[A/fs],-0.00221553, 0.0020304, -0.0704222, -0.0283608,  
Speed[A/fs],0.162178, 0.149178, 0.801629, 0.805742, 

C2H2_14r69, C[0], C[1], H[2], H[3], 
Densities, 1.910079748526316, 1.74760339638404, 0.0009453205991408436, 9.05155435011239e-05, 
Time[fs], 62.500000, 63.000000, 26.500000, 26.500000, 
Density Sum, 3.658718981052998
X Velocity[A/fs], -0.162234, 0.159221, -0.805583, 0.808466,  
Y Velocity[A/fs],0.00332739, 0.00190299, -0.0525763, -0.0325987,  
Z Velocity[A/fs],-0.00334242, -0.00100632, 0.0761345, -0.0649404,  
Speed[A/fs],0.162303, 0.159235, 0.810879, 0.811725, 

C2H2_14r131, C[0], C[1], H[2], H[3], 
Densities, 2.340518908434381, 1.289657999914041, 0.000895452128553882, 4.836668699180677e-05, 
Time[fs], 64.000000, 63.000000, 26.500000, 26.500000, 
Density Sum, 3.631120727163968
X Velocity[A/fs], -0.155666, 0.162645, -0.800202, 0.811953,  
Y Velocity[A/fs],-0.00373204, 0.000203591, -0.0214834, 0.0646849,  
Z Velocity[A/fs],0.0050982, 0.00030935, -0.0615907, 0.0629609,  
Speed[A/fs],0.155794, 0.162645, 0.802857, 0.816955, 

C2H2_14r113, C[0], C[1], H[2], H[3], 
Densities, 2.333724097082817, 1.331842138587653, 0.0008116003762379178, 5.971999102060038e-05, 
Time[fs], 64.000000, 63.000000, 26.500000, 26.500000, 
Density Sum, 3.666437556037728
X Velocity[A/fs], -0.155045, 0.16209, -0.788059, 0.798815,  
Y Velocity[A/fs],0.00298048, 0.00480366, 0.0892625, -0.0825662,  
Z Velocity[A/fs],-0.00166942, -0.0033413, -0.0879169, 0.10795,  
Speed[A/fs],0.155082, 0.162196, 0.797956, 0.810293, 

C2H2_14r91, C[0], C[1], H[2], H[3], 
Densities, 2.237189833600528, 1.415223811539239, 0.0007139968385418671, 6.255342596448693e-05, 
Time[fs], 64.500000, 63.500000, 26.500000, 26.500000, 
Density Sum, 3.653190195404274
X Velocity[A/fs], -0.1544, 0.159521, -0.792765, 0.814373,  
Y Velocity[A/fs],0.00372896, 0.00565918, -0.0545181, -0.055466,  
Z Velocity[A/fs],-0.00427122, -0.00372165, 0.0817329, -0.0616284,  
Speed[A/fs],0.154504, 0.159665, 0.79883, 0.818582, 

C2H2_14r185, C[0], C[1], H[2], H[3], 
Densities, 2.082237027511863, 1.572627048865448, 0.0008421019747980578, 9.051770724733929e-05, 
Time[fs], 62.000000, 64.500000, 26.500000, 26.500000, 
Density Sum, 3.655796696059356
X Velocity[A/fs], -0.162889, 0.157578, -0.801005, 0.811862,  
Y Velocity[A/fs],-0.000272715, -0.00291689, 0.0569437, -0.0524605,  
Z Velocity[A/fs],0.00215322, 0.0003941, -0.0892527, 0.062221,  
Speed[A/fs],0.162903, 0.157606, 0.807971, 0.815931, 

C2H2_14r90, C[0], C[1], H[2], H[3], 
Densities, 1.915639217171912, 1.76101055886598, 0.00072892989816006, 3.389788799350049e-05, 
Time[fs], 63.000000, 64.000000, 26.500000, 26.500000, 
Density Sum, 3.677412603824045
X Velocity[A/fs], -0.161634, 0.155784, -0.800121, 0.796038,  
Y Velocity[A/fs],-0.000236247, -0.00319192, 0.0331361, 0.0685091,  
Z Velocity[A/fs],-0.00502221, 0.00455428, -0.060706, -0.042116,  
Speed[A/fs],0.161712, 0.155884, 0.803104, 0.80009, 

C2H2_14r177, C[0], C[1], H[2], H[3], 
Densities, 1.971881413435915, 1.679872083171668, 0.0008621148771192645, 8.815681707551271e-05, 
Time[fs], 63.000000, 63.000000, 26.500000, 26.500000, 
Density Sum, 3.652703768301778
X Velocity[A/fs], -0.161837, 0.160541, -0.799975, 0.802289,  
Y Velocity[A/fs],-0.00155452, -0.000334049, -0.0665875, 0.0694529,  
Z Velocity[A/fs],0.00238656, -0.00358123, -0.0866888, 0.0990058,  
Speed[A/fs],0.161862, 0.160582, 0.807409, 0.811353, 

C2H2_14r191, C[0], C[1], H[2], H[3], 
Densities, 2.087417363679327, 1.609999716355871, 0.0005731912312200475, 4.693231140259711e-05, 
Time[fs], 65.500000, 63.000000, 26.500000, 26.500000, 
Density Sum, 3.69803720357782
X Velocity[A/fs], -0.151444, 0.160427, -0.788212, 0.800296,  
Y Velocity[A/fs],0.00190346, -0.0021469, 0.0817019, -0.0930821,  
Z Velocity[A/fs],-0.000779746, 0.0116222, 0.012367, 0.0936474,  
Speed[A/fs],0.151458, 0.160862, 0.792531, 0.811115, 

C2H2_14r128, C[0], C[1], H[2], H[3], 
Densities, 1.739422681149521, 2.023582246075279, 0.0005296944219940377, 8.10697588801182e-05, 
Time[fs], 66.000000, 65.500000, 26.500000, 26.500000, 
Density Sum, 3.763615691405675
X Velocity[A/fs], -0.150264, 0.151785, -0.791463, 0.794354,  
Y Velocity[A/fs],-0.000244209, -0.00216755, -0.0235666, 0.0531999,  
Z Velocity[A/fs],0.00185722, 0.00024867, 0.0551518, -0.0558727,  
Speed[A/fs],0.150275, 0.1518, 0.793733, 0.798092, 

C2H2_14r63, C[0], C[1], H[2], H[3], 
Densities, 1.9149397900091, 1.669496123839399, 0.0007020711511585177, 3.187623278070854e-05, 
Time[fs], 61.000000, 62.000000, 26.500000, 26.500000, 
Density Sum, 3.585169861232439
X Velocity[A/fs], -0.16764, 0.16534, -0.807467, 0.808223,  
Y Velocity[A/fs],0.0024639, 0.00267714, 0.0953776, -0.0922161,  
Z Velocity[A/fs],0.00436967, 0.00088371, 0.0630572, -0.060617,  
Speed[A/fs],0.167715, 0.165364, 0.815522, 0.815723, 

C2H2_14r38, C[0], C[1], H[2], H[3], 
Densities, 1.714120804140817, 1.909787245719934, 0.0008754538952128946, 5.476249371207062e-05, 
Time[fs], 63.500000, 61.000000, 26.500000, 26.500000, 
Density Sum, 3.624838266249676
X Velocity[A/fs], -0.157365, 0.168174, -0.807195, 0.810006,  
Y Velocity[A/fs],-0.00585945, 0.00262105, -0.0174464, 0.0472174,  
Z Velocity[A/fs],-0.000684968, 0.00836917, 0.00114617, -0.0909544,  
Speed[A/fs],0.157476, 0.168403, 0.807384, 0.816463, 

C2H2_14r33, C[0], C[1], H[2], H[3], 
Densities, 1.827202467098429, 1.813653433786738, 0.001122098839477253, 0.0001319462643196581, 
Time[fs], 63.000000, 62.000000, 26.500000, 26.500000, 
Density Sum, 3.642109945988964
X Velocity[A/fs], -0.160584, 0.165467, -0.80237, 0.809986,  
Y Velocity[A/fs],0.00734781, 0.00526835, 0.107922, -0.0934627,  
Z Velocity[A/fs],0.000572596, 0.00488522, 0.00880023, -0.0603215,  
Speed[A/fs],0.160753, 0.165623, 0.809643, 0.817589, 

C2H2_14r81, C[0], C[1], H[2], H[3], 
Densities, 1.971407927159571, 1.768401568331578, 0.0004180126894105822, 8.790965747700225e-05, 
Time[fs], 66.000000, 63.000000, 26.500000, 26.500000, 
Density Sum, 3.740315417838037
X Velocity[A/fs], -0.150343, 0.161115, -0.786771, 0.800234,  
Y Velocity[A/fs],0.00360969, 0.00548698, 0.057163, -0.103498,  
Z Velocity[A/fs],0.00392679, 0.00304853, -0.0489748, -0.0566207,  
Speed[A/fs],0.150437, 0.161237, 0.790364, 0.808883, 

C2H2_14r109, C[0], C[1], H[2], H[3], 
Densities, 2.280832238721525, 1.357383397110553, 0.001014780614259825, 8.388432985269228e-05, 
Time[fs], 64.000000, 62.000000, 26.500000, 26.500000, 
Density Sum, 3.63931430077619
X Velocity[A/fs], -0.15412, 0.163743, -0.801384, 0.805639,  
Y Velocity[A/fs],0.000816428, 0.0018361, 0.0395792, 0.0542045,  
Z Velocity[A/fs],0.00388035, 0.00361484, 0.0306068, -0.0924211,  
Speed[A/fs],0.154171, 0.163793, 0.802944, 0.812732, 

C2H2_14r40, C[0], C[1], H[2], H[3], 
Densities, 1.847198694135077, 1.775787889615347, 0.0006985075565601168, 0.0001051602928558533, 
Time[fs], 60.500000, 62.000000, 26.500000, 26.500000, 
Density Sum, 3.623790251599841
X Velocity[A/fs], -0.167464, 0.162099, -0.806131, 0.812563,  
Y Velocity[A/fs],-0.0125058, 0.00516815, -0.103393, 0.0454952,  
Z Velocity[A/fs],0.000283617, 0.00137176, -0.052789, 0.0677943,  
Speed[A/fs],0.16793, 0.162187, 0.814447, 0.816654, 

C2H2_14r10, C[0], C[1], H[2], H[3], 
Densities, 2.243578246387386, 1.439799395628042, 0.0009247558922516056, 4.273539564115074e-05, 
Time[fs], 64.500000, 64.000000, 26.500000, 26.500000, 
Density Sum, 3.684345133303321
X Velocity[A/fs], -0.153232, 0.158035, -0.792222, 0.813057,  
Y Velocity[A/fs],4.11846e-05, 0.00130213, 0.0396691, 0.0471062,  
Z Velocity[A/fs],-0.00621001, -0.00209264, 0.0609036, -0.0599865,  
Speed[A/fs],0.153358, 0.158054, 0.79555, 0.816626, 

C2H2_14r54, C[0], C[1], H[2], H[3], 
Densities, 2.276984678902719, 1.418981742642035, 0.0007418612126206903, 3.394312731122104e-05, 
Time[fs], 64.500000, 64.500000, 26.500000, 26.500000, 
Density Sum, 3.696742225884686
X Velocity[A/fs], -0.15504, 0.155301, -0.794697, 0.810682,  
Y Velocity[A/fs],-0.00248398, -0.00340672, -0.0550058, -0.0247539,  
Z Velocity[A/fs],-0.0103657, -0.00638197, -0.0227578, -0.0139945,  
Speed[A/fs],0.155406, 0.15547, 0.796924, 0.81118, 

C2H2_14r118, C[0], C[1], H[2], H[3], 
Densities, 2.304758339621938, 1.351557455440152, 0.0008410605395965884, 7.944497403905291e-05, 
Time[fs], 63.000000, 64.000000, 26.500000, 26.500000, 
Density Sum, 3.657236300575726
X Velocity[A/fs], -0.157442, 0.157257, -0.79363, 0.814009,  
Y Velocity[A/fs],0.00306924, -0.00370107, -0.0637474, 0.080784,  
Z Velocity[A/fs],-0.00742692, -0.00215901, 0.0820771, 0.00245468,  
Speed[A/fs],0.157647, 0.157315, 0.800405, 0.818012, 

C2H2_14r19, C[0], C[1], H[2], H[3], 
Densities, 1.954368991928711, 1.709561816544461, 0.000451811929767634, 0.000101388737196332, 
Time[fs], 63.500000, 61.500000, 27.000000, 26.500000, 
Density Sum, 3.664484009140137
X Velocity[A/fs], -0.157662, 0.165789, -0.791704, 0.794499,  
Y Velocity[A/fs],-0.00935649, 0.00519991, -0.0918371, 0.120913,  
Z Velocity[A/fs],0.00491305, 0.0003999, 0.0910964, -0.0929053,  
Speed[A/fs],0.158016, 0.165871, 0.802202, 0.808999, 

C2H2_14r86, C[0], C[1], H[2], H[3], 
Densities, 2.23785579935912, 1.507652302402707, 0.0005062457450542093, 5.395561912803516e-05, 
Time[fs], 63.500000, 67.000000, 26.500000, 26.500000, 
Density Sum, 3.74606830312601
X Velocity[A/fs], -0.157532, 0.146854, -0.792688, 0.80063,  
Y Velocity[A/fs],-6.16438e-06, 0.00122682, 0.014644, 0.0722137,  
Z Velocity[A/fs],0.00407991, 0.000520064, 0.0660756, 0.0229592,  
Speed[A/fs],0.157584, 0.14686, 0.795572, 0.804208, 

C2H2_14r108, C[0], C[1], H[2], H[3], 
Densities, 2.253045279407966, 1.474857654590596, 0.001045001278558719, 0.0001013976460807347, 
Time[fs], 64.500000, 65.000000, 26.500000, 26.500000, 
Density Sum, 3.729049332923201
X Velocity[A/fs], -0.153979, 0.152753, -0.792316, 0.808367,  
Y Velocity[A/fs],-0.00224622, -0.000125586, -0.0667637, 0.0489696,  
Z Velocity[A/fs],0.00446598, 0.00413831, 0.0392266, 0.0537242,  
Speed[A/fs],0.154061, 0.152809, 0.796091, 0.811629, 

C2H2_14r79, C[0], C[1], H[2], H[3], 
Densities, 1.612277416506207, 2.062666446818836, 0.001144390464140504, 8.971494634795744e-05, 
Time[fs], 65.500000, 62.000000, 26.500000, 26.500000, 
Density Sum, 3.676177968735531
X Velocity[A/fs], -0.153455, 0.163385, -0.796301, 0.797218,  
Y Velocity[A/fs],0.00117379, 0.0030754, -0.0491182, 0.0722656,  
Z Velocity[A/fs],0.00339607, 0.00595634, 0.0708362, -0.100078,  
Speed[A/fs],0.153497, 0.163523, 0.800953, 0.806719, 

C2H2_14r162, C[0], C[1], H[2], H[3], 
Densities, 2.293030347347163, 1.446379811122883, 0.0003631171779265313, 4.038203488263426e-05, 
Time[fs], 64.000000, 64.500000, 26.500000, 26.500000, 
Density Sum, 3.739813657682856
X Velocity[A/fs], -0.155081, 0.154545, -0.787164, 0.80273,  
Y Velocity[A/fs],-0.00416669, -0.000202373, -0.0586998, -0.00562072,  
Z Velocity[A/fs],-0.00606422, -0.000586077, 0.0434976, -0.070526,  
Speed[A/fs],0.155255, 0.154547, 0.790547, 0.805842, 

C2H2_14r57, C[0], C[1], H[2], H[3], 
Densities, 2.03907857843595, 1.671008418982617, 0.00126101586450546, 7.739346059832056e-05, 
Time[fs], 63.500000, 64.000000, 26.500000, 26.500000, 
Density Sum, 3.711425406743671
X Velocity[A/fs], -0.157274, 0.159656, -0.79882, 0.802178,  
Y Velocity[A/fs],0.00173624, -0.00562194, -0.00676693, 0.0587523,  
Z Velocity[A/fs],0.00223886, -0.0010166, 0.0320515, 0.0160153,  
Speed[A/fs],0.1573, 0.159758, 0.799491, 0.804486, 

C2H2_14r95, C[0], C[1], H[2], H[3], 
Densities, 2.095802725946288, 1.606184150364257, 0.0006598019216399151, 3.367490930504461e-05, 
Time[fs], 62.500000, 65.000000, 26.500000, 26.500000, 
Density Sum, 3.70268035314149
X Velocity[A/fs], -0.16308, 0.15279, -0.799419, 0.796916,  
Y Velocity[A/fs],-9.7506e-05, -0.00394593, -0.0260542, -0.0696132,  
Z Velocity[A/fs],-0.000244407, -0.00226597, 0.0409347, 0.020184,  
Speed[A/fs],0.16308, 0.152858, 0.80089, 0.800206, 

C2H2_14r11, C[0], C[1], H[2], H[3], 
Densities, 2.13025598563268, 1.576529294305372, 0.0008993122008946675, 7.747595294102546e-05, 
Time[fs], 63.500000, 64.500000, 26.500000, 26.500000, 
Density Sum, 3.707762068091888
X Velocity[A/fs], -0.15712, 0.156605, -0.788232, 0.804271,  
Y Velocity[A/fs],-0.00851307, -0.0151501, -0.09797, 0.109142,  
Z Velocity[A/fs],0.00352571, 0.0106384, -0.0641241, -0.0128617,  
Speed[A/fs],0.15739, 0.157696, 0.796882, 0.811744, 

C2H2_14r100, C[0], C[1], H[2], H[3], 
Densities, 1.049863393111519, 2.608779688039515, 0.0007360640146940394, 4.198905053653391e-05, 
Time[fs], 64.000000, 63.500000, 26.500000, 26.500000, 
Density Sum, 3.659421134216265
X Velocity[A/fs], -0.155869, 0.153845, -0.809259, 0.781757,  
Y Velocity[A/fs],-0.00418392, 0.00376148, -0.0943009, 0.0961639,  
Z Velocity[A/fs],0.00772387, 0.000324741, 0.0350164, 0.0542395,  
Speed[A/fs],0.156117, 0.153891, 0.815487, 0.789515, 

C2H2_14r4, C[0], C[1], H[2], H[3], 
Densities, 2.057884925650655, 1.563325932387808, 0.001197180026911026, 6.654882130272235e-05, 
Time[fs], 63.000000, 61.000000, 26.500000, 26.500000, 
Density Sum, 3.622474586886677
X Velocity[A/fs], -0.157517, 0.167395, -0.799403, 0.818844,  
Y Velocity[A/fs],-0.00223507, -0.00685116, -0.00789364, 0.0889259,  
Z Velocity[A/fs],-0.00697324, 0.00485615, 0.0769273, -0.041861,  
Speed[A/fs],0.157687, 0.167606, 0.803134, 0.824722, 

C2H2_14r132, C[0], C[1], H[2], H[3], 
Densities, 2.115152203011822, 1.529394851212894, 0.001052196301290539, 7.864456824136525e-05, 
Time[fs], 64.500000, 62.500000, 26.500000, 26.500000, 
Density Sum, 3.645677895094247
X Velocity[A/fs], -0.156188, 0.161892, -0.800801, 0.811076,  
Y Velocity[A/fs],-0.0022702, -0.00131349, 0.0592875, -0.0507977,  
Z Velocity[A/fs],0.00481689, -0.00788687, -0.0230723, -0.0732752,  
Speed[A/fs],0.156279, 0.162089, 0.803324, 0.815962, 

C2H2_14r145, C[0], C[1], H[2], H[3], 
Densities, 1.469896858259887, 2.168708030148243, 0.0006897857487624903, 9.415470220774512e-05, 
Time[fs], 60.500000, 65.000000, 26.500000, 26.500000, 
Density Sum, 3.6393888288591
X Velocity[A/fs], -0.168462, 0.152907, -0.8012, 0.796802,  
Y Velocity[A/fs],-0.00527485, -0.00430846, -0.131233, 0.0926254,  
Z Velocity[A/fs],-0.00483987, -0.00202477, -0.0773465, -0.0354839,  
Speed[A/fs],0.168614, 0.152981, 0.815552, 0.802952, 

C2H2_14r120, C[0], C[1], H[2], H[3], 
Densities, 1.975093433915183, 1.707987303904796, 0.0005172664152227456, 8.481321104092469e-05, 
Time[fs], 64.000000, 63.000000, 27.000000, 26.500000, 
Density Sum, 3.683682817446242
X Velocity[A/fs], -0.157213, 0.161059, -0.797797, 0.802892,  
Y Velocity[A/fs],-0.00584602, -0.00335776, -0.0522334, 0.0563092,  
Z Velocity[A/fs],0.000696278, 0.00228371, 0.0686915, -0.0761608,  
Speed[A/fs],0.157323, 0.161111, 0.80245, 0.808459, 

C2H2_14r68, C[0], C[1], H[2], H[3], 
Densities, 2.284584271123725, 1.373109540467869, 0.001116522222055797, 6.406424575178081e-05, 
Time[fs], 64.500000, 62.500000, 26.500000, 26.500000, 
Density Sum, 3.658874398059402
X Velocity[A/fs], -0.153649, 0.16115, -0.793529, 0.810347,  
Y Velocity[A/fs],-0.00164749, 0.000287721, 0.0782337, -0.0109112,  
Z Velocity[A/fs],-0.00438706, -0.0019239, 0.0349336, -0.0654081,  
Speed[A/fs],0.153721, 0.161162, 0.798141, 0.813056, 

C2H2_14r89, C[0], C[1], H[2], H[3], 
Densities, 1.979858924093686, 1.690703547920374, 0.00121243231859471, 7.263061134369787e-05, 
Time[fs], 63.000000, 63.500000, 26.500000, 26.500000, 
Density Sum, 3.671847534943999
X Velocity[A/fs], -0.160223, 0.157939, -0.802857, 0.803475,  
Y Velocity[A/fs],0.00724689, 0.00116947, -0.00707154, 0.0586067,  
Z Velocity[A/fs],0.0061647, 0.00048292, 0.0754157, -0.0233115,  
Speed[A/fs],0.160505, 0.157944, 0.806422, 0.805946, 

C2H2_14r137, C[0], C[1], H[2], H[3], 
Densities, 1.949118229093404, 1.770799158292952, 0.0007573967667461831, 7.949612971353485e-05, 
Time[fs], 64.500000, 64.500000, 26.500000, 26.500000, 
Density Sum, 3.720754280282816
X Velocity[A/fs], -0.155966, 0.154874, -0.792916, 0.795256,  
Y Velocity[A/fs],0.0069901, 0.00209831, -0.0640544, 0.0995265,  
Z Velocity[A/fs],-0.00414764, -0.00143873, -0.0333358, -0.0389357,  
Speed[A/fs],0.156177, 0.154895, 0.796197, 0.802404, 

C2H2_14r70, C[0], C[1], H[2], H[3], 
Densities, 2.157387046989025, 1.484357327168957, 0.0007935882156345337, 6.497796033752262e-05, 
Time[fs], 62.000000, 64.000000, 26.500000, 26.500000, 
Density Sum, 3.642602940333954
X Velocity[A/fs], -0.161961, 0.156501, -0.798907, 0.807646,  
Y Velocity[A/fs],-0.00393321, -0.00425403, 0.0788417, 0.0141217,  
Z Velocity[A/fs],0.00507418, 0.00753631, 0.0776625, -0.0870133,  
Speed[A/fs],0.162088, 0.15674, 0.806536, 0.812442, 

C2H2_14r93, C[0], C[1], H[2], H[3], 
Densities, 2.303565386106605, 1.370390600326812, 0.001334067806940551, 7.122391612185468e-05, 
Time[fs], 64.000000, 63.500000, 26.500000, 26.500000, 
Density Sum, 3.675361278156479
X Velocity[A/fs], -0.156081, 0.159273, -0.798066, 0.80868,  
Y Velocity[A/fs],0.00486365, -0.00526747, 0.0669234, 0.00167078,  
Z Velocity[A/fs],-0.000473645, 0.0045454, 0.00944698, 0.0537046,  
Speed[A/fs],0.156157, 0.159425, 0.800923, 0.810463, 

C2H2_14r50, C[0], C[1], H[2], H[3], 
Densities, 1.852214111728811, 1.790887904108446, 0.0007548042741500952, 0.0001111062653365582, 
Time[fs], 62.500000, 62.000000, 26.500000, 26.500000, 
Density Sum, 3.643967926376743
X Velocity[A/fs], -0.161344, 0.165314, -0.794115, 0.809399,  
Y Velocity[A/fs],-0.00658349, 0.00227213, -0.114262, 0.106109,  
Z Velocity[A/fs],-0.000611754, -0.0018998, -0.0538455, -0.035972,  
Speed[A/fs],0.161479, 0.165341, 0.804098, 0.817117, 

C2H2_14r106, C[0], C[1], H[2], H[3], 
Densities, 2.335565182448983, 1.31980048921256, 0.001009447804832973, 6.11433370124121e-05, 
Time[fs], 64.500000, 63.000000, 26.500000, 26.500000, 
Density Sum, 3.656436262803389
X Velocity[A/fs], -0.153707, 0.159986, -0.7955, 0.805187,  
Y Velocity[A/fs],-0.00468872, 0.00075207, -0.0808002, 0.0655126,  
Z Velocity[A/fs],0.000715566, 0.00100833, -0.0244812, 0.0652121,  
Speed[A/fs],0.15378, 0.159991, 0.799968, 0.810476, 

C2H2_14r92, C[0], C[1], H[2], H[3], 
Densities, 1.803709439300865, 1.862219825308832, 0.0008903117566612478, 7.182514473560528e-05, 
Time[fs], 62.500000, 63.000000, 26.500000, 26.500000, 
Density Sum, 3.666891401511094
X Velocity[A/fs], -0.161926, 0.160723, -0.800027, 0.797053,  
Y Velocity[A/fs],0.00333478, 0.00178056, 0.110426, -0.099271,  
Z Velocity[A/fs],0.00335592, -0.00289794, 0.0559697, 0.0335668,  
Speed[A/fs],0.161996, 0.160759, 0.809549, 0.803912, 

C2H2_14r155, C[0], C[1], H[2], H[3], 
Densities, 1.974037469035795, 1.665364434540388, 0.0007482187441536446, 7.444694403260571e-05, 
Time[fs], 64.000000, 61.500000, 26.500000, 26.500000, 
Density Sum, 3.640224569264369
X Velocity[A/fs], -0.156902, 0.166137, -0.795602, 0.803075,  
Y Velocity[A/fs],0.00263814, -0.00321974, 0.0915611, -0.122404,  
Z Velocity[A/fs],0.00207168, 0.00963451, -0.0219004, 0.099329,  
Speed[A/fs],0.156938, 0.166448, 0.801153, 0.8184, 

C2H2_14r51, C[0], C[1], H[2], H[3], 
Densities, 1.990576469088193, 1.84021965250034, 0.0004775392470650054, 9.325262107704779e-05, 
Time[fs], 65.000000, 67.000000, 26.500000, 26.500000, 
Density Sum, 3.831366913456675
X Velocity[A/fs], -0.150079, 0.148788, -0.785236, 0.79477,  
Y Velocity[A/fs],-0.00129943, -0.003744, 0.0524124, -0.0682878,  
Z Velocity[A/fs],-0.0032617, -0.00200413, -0.0438487, 0.0200034,  
Speed[A/fs],0.15012, 0.148848, 0.788204, 0.797949, 

C2H2_14r22, C[0], C[1], H[2], H[3], 
Densities, 1.608562745412773, 2.030185896730478, 0.000959872630983678, 9.258324191357308e-05, 
Time[fs], 63.500000, 61.500000, 26.500000, 26.500000, 
Density Sum, 3.639801098016148
X Velocity[A/fs], -0.160382, 0.165303, -0.804683, 0.812465,  
Y Velocity[A/fs],0.00846271, 0.000329114, -0.0664816, 0.0119808,  
Z Velocity[A/fs],0.000925156, 0.00326343, -0.0443439, 0.0735579,  
Speed[A/fs],0.160608, 0.165335, 0.808641, 0.815876, 

C2H2_14r147, C[0], C[1], H[2], H[3], 
Densities, 2.215596902308739, 1.436562756907886, 0.0008180627798288412, 8.078497269526253e-05, 
Time[fs], 63.000000, 63.000000, 26.500000, 26.500000, 
Density Sum, 3.653058506969149
X Velocity[A/fs], -0.158987, 0.159984, -0.792962, 0.807682,  
Y Velocity[A/fs],-0.00640493, 0.000682424, -0.108902, 0.108845,  
Z Velocity[A/fs],-0.0038591, -0.00413197, -0.0358295, -0.0602079,  
Speed[A/fs],0.159162, 0.160039, 0.801206, 0.817204, 

C2H2_14r112, C[0], C[1], H[2], H[3], 
Densities, 2.000777231352988, 1.660551972294535, 0.001047319454236009, 6.329442329682569e-05, 
Time[fs], 63.000000, 63.500000, 26.500000, 26.500000, 
Density Sum, 3.662439817525056
X Velocity[A/fs], -0.160996, 0.157708, -0.805539, 0.801393,  
Y Velocity[A/fs],0.00512656, -0.000896845, -0.0588999, 0.0632148,  
Z Velocity[A/fs],-0.000665932, -0.00370943, 0.0312669, 0.0517798,  
Speed[A/fs],0.161079, 0.157754, 0.808294, 0.805548, 

C2H2_14r141, C[0], C[1], H[2], H[3], 
Densities, 1.739916786188169, 1.859569415081745, 0.001195339603087515, 7.970103670657624e-05, 
Time[fs], 62.000000, 60.500000, 26.500000, 26.500000, 
Density Sum, 3.600761241909708
X Velocity[A/fs], -0.164926, 0.167658, -0.79736, 0.810895,  
Y Velocity[A/fs],-0.00620535, 0.0113164, -0.0987631, 0.10954,  
Z Velocity[A/fs],0.00514036, -0.00148184, -0.0958491, 0.0411313,  
Speed[A/fs],0.165123, 0.168046, 0.80915, 0.819293, 

C2H2_14r146, C[0], C[1], H[2], H[3], 
Densities, 2.032860572320217, 1.617303353154753, 0.0007965989142086605, 7.676290508426981e-05, 
Time[fs], 62.500000, 63.000000, 26.500000, 26.500000, 
Density Sum, 3.651037287294263
X Velocity[A/fs], -0.162356, 0.160488, -0.800107, 0.802081,  
Y Velocity[A/fs],0.0036497, 0.00536615, -0.092076, 0.0913895,  
Z Velocity[A/fs],0.00524902, -0.00227319, 0.0803566, -0.0243837,  
Speed[A/fs],0.162482, 0.160594, 0.809387, 0.807639, 

C2H2_14r129, C[0], C[1], H[2], H[3], 
Densities, 1.790497508456315, 1.88107654651566, 0.001041751982346073, 4.238980758632991e-05, 
Time[fs], 63.500000, 63.500000, 26.500000, 26.500000, 
Density Sum, 3.672658196761907
X Velocity[A/fs], -0.159376, 0.157146, -0.801633, 0.804525,  
Y Velocity[A/fs],-4.2512e-06, -0.00686397, -0.0418283, 0.0382993,  
Z Velocity[A/fs],-0.00312713, -0.00590434, -0.0560654, -0.0360793,  
Speed[A/fs],0.159407, 0.157406, 0.804679, 0.806243, 

C2H2_14r160, C[0], C[1], H[2], H[3], 
Densities, 2.035321760157444, 1.675911528430247, 0.0008145614734318803, 0.0001517595433411711, 
Time[fs], 65.000000, 63.500000, 26.500000, 26.500000, 
Density Sum, 3.712199609604464
X Velocity[A/fs], -0.155305, 0.158028, -0.782444, 0.80055,  
Y Velocity[A/fs],-0.00152913, 0.00226816, -0.0709012, 0.0879476,  
Z Velocity[A/fs],-0.00507273, 0.00315666, -0.100612, 0.0914669,  
Speed[A/fs],0.155396, 0.158075, 0.792066, 0.810544, 

C2H2_14r80, C[0], C[1], H[2], H[3], 
Densities, 2.263042210479141, 1.375545298553015, 0.0006430617243403067, 4.458747396102926e-05, 
Time[fs], 63.000000, 64.000000, 26.500000, 26.500000, 
Density Sum, 3.639275158230457
X Velocity[A/fs], -0.159014, 0.158471, -0.796963, 0.808889,  
Y Velocity[A/fs],-0.000940937, -0.00218002, -0.0677722, 0.0696518,  
Z Velocity[A/fs],-0.00124, 0.0034285, -0.0602975, -0.0374317,  
Speed[A/fs],0.159022, 0.158523, 0.802109, 0.812745, 

C2H2_14r192, C[0], C[1], H[2], H[3], 
Densities, 1.928000810284477, 1.676764089673739, 0.001566221804352548, 6.128111474777305e-05, 
Time[fs], 61.500000, 62.000000, 26.500000, 26.500000, 
Density Sum, 3.606392402877316
X Velocity[A/fs], -0.162926, 0.162651, -0.807321, 0.81338,  
Y Velocity[A/fs],0.00379553, -0.00206522, -0.0468397, -0.0616307,  
Z Velocity[A/fs],0.00033516, 0.00190214, -0.0715405, 0.0744857,  
Speed[A/fs],0.162971, 0.162676, 0.811837, 0.819105, 

C2H2_14r59, C[0], C[1], H[2], H[3], 
Densities, 2.004702841772738, 1.776809421822515, 0.0007442961595333657, 0.000216665189120246, 
Time[fs], 65.000000, 65.500000, 26.500000, 27.000000, 
Density Sum, 3.782473224943907
X Velocity[A/fs], -0.15401, 0.151713, -0.78576, 0.794264,  
Y Velocity[A/fs],-0.00122867, -9.36844e-05, 0.0733136, -0.0532992,  
Z Velocity[A/fs],-0.00161782, -0.00343644, -0.0578553, 0.0926013,  
Speed[A/fs],0.154024, 0.151752, 0.791291, 0.801418, 

C2H2_14r193, C[0], C[1], H[2], H[3], 
Densities, 1.797891471690515, 2.007778969808253, 0.0004146805523877765, 8.238604278487832e-05, 
Time[fs], 67.500000, 63.500000, 26.500000, 26.500000, 
Density Sum, 3.806167508093941
X Velocity[A/fs], -0.145911, 0.157863, -0.783828, 0.804259,  
Y Velocity[A/fs],-0.00133386, -0.000567262, -0.0592265, 0.0257958,  
Z Velocity[A/fs],0.00811018, -0.00342006, -0.0225037, -0.0458028,  
Speed[A/fs],0.146142, 0.157901, 0.786384, 0.805975, 

C2H2_14r169, C[0], C[1], H[2], H[3], 
Densities, 2.019409377769035, 1.61806136493093, 0.0009744799779549776, 5.510201157303533e-05, 
Time[fs], 64.000000, 60.500000, 26.500000, 26.500000, 
Density Sum, 3.638500324689493
X Velocity[A/fs], -0.155048, 0.168118, -0.796886, 0.818771,  
Y Velocity[A/fs],-0.00179741, -0.00106427, -0.0196221, -0.0149574,  
Z Velocity[A/fs],0.0037406, 0.00202527, 0.0536105, -0.0612134,  
Speed[A/fs],0.155103, 0.168133, 0.798928, 0.821192, 

C2H2_14r157, C[0], C[1], H[2], H[3], 
Densities, 1.857167755907145, 1.865781304782785, 0.001274503962908711, 0.0001459236848452886, 
Time[fs], 63.500000, 65.500000, 26.500000, 27.000000, 
Density Sum, 3.724369488337684
X Velocity[A/fs], -0.159449, 0.15192, -0.800282, 0.799084,  
Y Velocity[A/fs],4.99224e-05, -4.5202e-05, 0.0201452, -0.0525193,  
Z Velocity[A/fs],-0.00158343, -0.00298284, 0.081362, -0.0639562,  
Speed[A/fs],0.159456, 0.151949, 0.80466, 0.803358, 

C2H2_14r94, C[0], C[1], H[2], H[3], 
Densities, 2.040737021717419, 1.632458220623886, 0.0008400592039163793, 5.983469419414905e-05, 
Time[fs], 63.000000, 64.000000, 26.500000, 26.500000, 
Density Sum, 3.674095136239415
X Velocity[A/fs], -0.16071, 0.156878, -0.790895, 0.802836,  
Y Velocity[A/fs],0.00226917, 0.00748782, 0.0650174, -0.0482456,  
Z Velocity[A/fs],-0.00811369, -0.00131669, 0.104842, -0.0797307,  
Speed[A/fs],0.160931, 0.157062, 0.800458, 0.808226, 

C2H2_14r7, C[0], C[1], H[2], H[3], 
Densities, 2.228771170308326, 1.468569318001519, 0.0005163729222125113, 4.090968733963506e-05, 
Time[fs], 66.000000, 63.000000, 26.500000, 26.500000, 
Density Sum, 3.697897770919397
X Velocity[A/fs], -0.150104, 0.16119, -0.782987, 0.815549,  
Y Velocity[A/fs],0.00773212, -0.00098296, 0.0674682, 0.0356421,  
Z Velocity[A/fs],0.00587828, 0.00137263, 0.0801374, 0.000157507,  
Speed[A/fs],0.150418, 0.161198, 0.789964, 0.816328, 

C2H2_14r151, C[0], C[1], H[2], H[3], 
Densities, 2.307534613342601, 1.438540442191507, 0.0005483165103883517, 6.527309301930783e-05, 
Time[fs], 63.500000, 67.500000, 26.500000, 26.500000, 
Density Sum, 3.746688645137516
X Velocity[A/fs], -0.157068, 0.145082, -0.792009, 0.8001,  
Y Velocity[A/fs],0.00619096, 0.0101011, 0.0732401, 0.0458627,  
Z Velocity[A/fs],-0.0043825, -0.00568064, -0.0335085, -0.0594624,  
Speed[A/fs],0.157251, 0.145544, 0.796094, 0.803617, 

C2H2_14r26, C[0], C[1], H[2], H[3], 
Densities, 1.731099573881053, 1.891474721960664, 0.001108206313566886, 6.709206951555599e-05, 
Time[fs], 61.500000, 62.500000, 26.500000, 26.500000, 
Density Sum, 3.6237495942248
X Velocity[A/fs], -0.163796, 0.162046, -0.817341, 0.809742,  
Y Velocity[A/fs],-0.000917791, 0.00116186, 0.0138059, -0.0536042,  
Z Velocity[A/fs],-0.000686114, -0.000997119, -0.0629034, 0.0548116,  
Speed[A/fs],0.1638, 0.162053, 0.819874, 0.813363, 

C2H2_14r105, C[0], C[1], H[2], H[3], 
Densities, 2.222122099590824, 1.436967582973164, 0.0009153660548656761, 6.643988673352583e-05, 
Time[fs], 63.000000, 64.000000, 26.500000, 26.500000, 
Density Sum, 3.660071488505587
X Velocity[A/fs], -0.158933, 0.157673, -0.797947, 0.808865,  
Y Velocity[A/fs],0.00116512, 0.00124303, 0.0212527, 0.052787,  
Z Velocity[A/fs],0.00401406, -0.00526874, 0.092703, -0.0854443,  
Speed[A/fs],0.158988, 0.157766, 0.803595, 0.815077, 

C2H2_14r60, C[0], C[1], H[2], H[3], 
Densities, 1.64342043828319, 2.063925509166065, 0.0008130276392116604, 2.854567695049096e-05, 
Time[fs], 64.500000, 63.500000, 26.500000, 26.500000, 
Density Sum, 3.708187520765418
X Velocity[A/fs], -0.154773, 0.158074, -0.797862, 0.794486,  
Y Velocity[A/fs],-0.0050286, -0.00250907, -0.0397916, -0.0428562,  
Z Velocity[A/fs],-0.00299882, -0.00517329, -0.0223573, -0.0632372,  
Speed[A/fs],0.154884, 0.158179, 0.799167, 0.79815, 

C2H2_14r36, C[0], C[1], H[2], H[3], 
Densities, 1.801795088434333, 1.847540516900984, 0.0009127380434795286, 7.383494438443401e-05, 
Time[fs], 65.000000, 61.000000, 26.500000, 26.500000, 
Density Sum, 3.650322178323182
X Velocity[A/fs], -0.153532, 0.167698, -0.791903, 0.810857,  
Y Velocity[A/fs],0.00397289, 0.000616897, -0.0646807, 0.0347478,  
Z Velocity[A/fs],0.00605388, -0.0135871, -0.0860215, 0.100625,  
Speed[A/fs],0.153703, 0.168248, 0.799183, 0.817815, 

C2H2_14r107, C[0], C[1], H[2], H[3], 
Densities, 2.12416977474869, 1.541554119034262, 0.0007424882327410848, 7.322130319186199e-05, 
Time[fs], 62.000000, 65.500000, 26.500000, 26.500000, 
Density Sum, 3.666539603318884
X Velocity[A/fs], -0.163237, 0.153415, -0.797704, 0.799627,  
Y Velocity[A/fs],-0.00498444, 0.00564784, -0.101842, 0.0918146,  
Z Velocity[A/fs],-0.00321206, 0.00718969, 0.0395777, 0.0491784,  
Speed[A/fs],0.163345, 0.153687, 0.805152, 0.806382, 

C2H2_14r16, C[0], C[1], H[2], H[3], 
Densities, 2.372864957021807, 1.396264072836344, 0.0004451368114264755, 6.357917558265763e-05, 
Time[fs], 64.000000, 66.500000, 26.500000, 26.500000, 
Density Sum, 3.769637745845161
X Velocity[A/fs], -0.154683, 0.149582, -0.78266, 0.800984,  
Y Velocity[A/fs],-6.8517e-05, -0.00342214, 0.0883693, -0.0619528,  
Z Velocity[A/fs],0.000375531, -0.000208381, 0.0153026, -0.0569267,  
Speed[A/fs],0.154684, 0.149622, 0.787781, 0.80539, 

C2H2_14r197, C[0], C[1], H[2], H[3], 
Densities, 1.337144856169909, 2.307625822057814, 0.000669206731910724, 0.0001046829269353776, 
Time[fs], 61.500000, 63.500000, 26.500000, 26.500000, 
Density Sum, 3.645544567886568
X Velocity[A/fs], -0.167278, 0.156454, -0.798825, 0.790848,  
Y Velocity[A/fs],0.00162998, 0.000161419, 0.108616, -0.11065,  
Z Velocity[A/fs],-0.00323247, 0.00446815, -0.110886, 0.0755743,  
Speed[A/fs],0.167317, 0.156518, 0.813766, 0.802119, 

C2H2_14r42, C[0], C[1], H[2], H[3], 
Densities, 2.105342397739332, 1.553912512980089, 0.0007762402221881049, 9.571444947961618e-05, 
Time[fs], 63.000000, 63.500000, 26.500000, 26.500000, 
Density Sum, 3.660126865391089
X Velocity[A/fs], -0.160192, 0.158351, -0.788898, 0.807478,  
Y Velocity[A/fs],-0.00623905, 0.0026826, -0.0787452, 0.0764531,  
Z Velocity[A/fs],-0.00210854, -0.00186565, -0.112549, 0.0858396,  
Speed[A/fs],0.160328, 0.158384, 0.800767, 0.815619, 

C2H2_14r101, C[0], C[1], H[2], H[3], 
Densities, 1.699476678952682, 1.991404999250238, 0.001029400705563731, 4.927877802159173e-05, 
Time[fs], 64.000000, 65.500000, 26.500000, 26.500000, 
Density Sum, 3.691960357686505
X Velocity[A/fs], -0.157395, 0.152858, -0.804369, 0.800338,  
Y Velocity[A/fs],0.000615599, -0.000350182, 0.0478187, 0.0233868,  
Z Velocity[A/fs],-0.00148501, 0.00196334, 0.0496457, -0.00345794,  
Speed[A/fs],0.157403, 0.152871, 0.807317, 0.800687, 

C2H2_14r23, C[0], C[1], H[2], H[3], 
Densities, 2.201840695074797, 1.464073192540598, 0.0005000553088026919, 6.538214481334409e-05, 
Time[fs], 63.000000, 63.500000, 26.500000, 26.500000, 
Density Sum, 3.66647932506901
X Velocity[A/fs], -0.158503, 0.159041, -0.780788, 0.798418,  
Y Velocity[A/fs],-0.0107593, -0.00479172, 0.123711, -0.125887,  
Z Velocity[A/fs],0.00293124, -0.00147876, 0.083806, -0.0837359,  
Speed[A/fs],0.158895, 0.15912, 0.794958, 0.812607, 

C2H2_14r144, C[0], C[1], H[2], H[3], 
Densities, 2.091025210143647, 1.61630906252612, 0.0006121508668972034, 5.736786369983196e-05, 
Time[fs], 62.500000, 65.500000, 26.500000, 26.500000, 
Density Sum, 3.708003791400363
X Velocity[A/fs], -0.16158, 0.152051, -0.796295, 0.807438,  
Y Velocity[A/fs],0.00626988, -0.000171849, -0.0713123, -0.0390468,  
Z Velocity[A/fs],0.00502356, -0.0029657, 0.0746404, -0.0529786,  
Speed[A/fs],0.161779, 0.15208, 0.802959, 0.810116, 

C2H2_14r182, C[0], C[1], H[2], H[3], 
Densities, 1.574392655354709, 2.097432630968322, 0.0008787816269161763, 8.640168934708723e-05, 
Time[fs], 64.000000, 63.500000, 26.500000, 26.500000, 
Density Sum, 3.672790469639295
X Velocity[A/fs], -0.157194, 0.158217, -0.795915, 0.787642,  
Y Velocity[A/fs],-0.00514392, 3.3627e-05, -0.0962092, 0.104707,  
Z Velocity[A/fs],-0.00122297, 0.00133649, 0.0631222, -0.0963738,  
Speed[A/fs],0.157283, 0.158223, 0.80419, 0.800395, 

C2H2_14r165, C[0], C[1], H[2], H[3], 
Densities, 2.256478235494653, 1.489474467781641, 0.0005842592081186911, 8.007041582975821e-05, 
Time[fs], 67.000000, 62.500000, 26.500000, 26.500000, 
Density Sum, 3.746617032900242
X Velocity[A/fs], -0.145968, 0.160781, -0.78377, 0.818354,  
Y Velocity[A/fs],0.00547616, -0.00207619, 0.0450593, -0.0489205,  
Z Velocity[A/fs],-0.00625294, -0.00133991, 0.0524558, 0.0409381,  
Speed[A/fs],0.146205, 0.1608, 0.786815, 0.820836, 

C2H2_14r181, C[0], C[1], H[2], H[3], 
Densities, 1.624797821118986, 2.063801014105161, 0.000571653057741941, 3.036114394235407e-05, 
Time[fs], 62.500000, 64.500000, 26.500000, 26.500000, 
Density Sum, 3.689200849425832
X Velocity[A/fs], -0.160475, 0.156078, -0.795028, 0.789996,  
Y Velocity[A/fs],0.00178744, -0.000294169, 0.0749137, -0.0554365,  
Z Velocity[A/fs],-0.00641969, 0.00394805, -0.0990799, 0.0772386,  
Speed[A/fs],0.160613, 0.156128, 0.804673, 0.795696, 

C2H2_14r78, C[0], C[1], H[2], H[3], 
Densities, 2.109442755885642, 1.571879676528532, 0.0004697017167056575, 0.0001262589073805012, 
Time[fs], 64.500000, 63.000000, 27.000000, 26.500000, 
Density Sum, 3.68191839303826
X Velocity[A/fs], -0.154428, 0.160448, -0.789242, 0.801189,  
Y Velocity[A/fs],-0.00166209, 0.00730276, -0.0169201, 0.0867246,  
Z Velocity[A/fs],0.00397171, 0.00447517, 0.1019, -0.0901684,  
Speed[A/fs],0.154488, 0.160676, 0.795973, 0.810897, 

C2H2_14r150, C[0], C[1], H[2], H[3], 
Densities, 2.042049438497223, 1.633230912795848, 0.0006490516492951367, 6.986911303821233e-05, 
Time[fs], 62.000000, 65.000000, 26.500000, 26.500000, 
Density Sum, 3.675999272055404
X Velocity[A/fs], -0.163067, 0.155228, -0.799695, 0.812588,  
Y Velocity[A/fs],-0.00119852, 0.00592022, 0.0418318, 0.00974358,  
Z Velocity[A/fs],-0.00456208, -0.00185017, 0.0905523, -0.0332243,  
Speed[A/fs],0.163135, 0.155352, 0.805891, 0.813325, 

C2H2_14r75, C[0], C[1], H[2], H[3], 
Densities, 1.754003200991845, 1.973617891761158, 0.0006342973803153811, 6.596862600101547e-05, 
Time[fs], 63.500000, 66.500000, 26.500000, 26.500000, 
Density Sum, 3.728321358759319
X Velocity[A/fs], -0.159861, 0.147667, -0.796287, 0.792902,  
Y Velocity[A/fs],-0.0019048, 0.00256935, 0.0750433, -0.0420795,  
Z Velocity[A/fs],-0.00134687, -0.00394462, -0.0490958, -0.0558525,  
Speed[A/fs],0.159878, 0.147742, 0.801321, 0.795979, 

C2H2_14r163, C[0], C[1], H[2], H[3], 
Densities, 1.839595008405145, 1.84373418774529, 0.00108794691984203, 7.993876094853425e-05, 
Time[fs], 61.500000, 64.500000, 26.500000, 26.500000, 
Density Sum, 3.684497081831225
X Velocity[A/fs], -0.164544, 0.155854, -0.810853, 0.799221,  
Y Velocity[A/fs],0.000345595, -0.00333113, 0.0457904, 0.0407668,  
Z Velocity[A/fs],-0.00210018, 0.00263048, 0.0212746, 0.0528149,  
Speed[A/fs],0.164558, 0.155911, 0.812423, 0.802001, 

C2H2_14r88, C[0], C[1], H[2], H[3], 
Densities, 1.842189583620117, 1.828673159497425, 0.001344515763780857, 8.109086881672593e-05, 
Time[fs], 64.500000, 63.000000, 26.500000, 26.500000, 
Density Sum, 3.672288349750139
X Velocity[A/fs], -0.1568, 0.159543, -0.805596, 0.805499,  
Y Velocity[A/fs],0.00130149, 0.000909085, -0.034756, -0.0685828,  
Z Velocity[A/fs],0.000503032, -0.000693735, -0.009548, -0.0123332,  
Speed[A/fs],0.156806, 0.159547, 0.806402, 0.808508, 

C2H2_14r168, C[0], C[1], H[2], H[3], 
Densities, 1.868483614811571, 1.776529813041703, 0.000622672588059051, 4.070293162333389e-05, 
Time[fs], 63.500000, 63.000000, 26.500000, 26.500000, 
Density Sum, 3.645676803372956
X Velocity[A/fs], -0.156824, 0.159772, -0.802833, 0.804981,  
Y Velocity[A/fs],0.00377457, 0.00227792, -0.0391322, -0.0485973,  
Z Velocity[A/fs],-0.00036826, -0.00259083, 0.0287518, 0.0671462,  
Speed[A/fs],0.15687, 0.159809, 0.8043, 0.809237, 

C2H2_14r98, C[0], C[1], H[2], H[3], 
Densities, 1.673686818822152, 2.090589980042605, 0.0009563515967489482, 0.0003554645587125233, 
Time[fs], 65.000000, 65.000000, 26.500000, 27.000000, 
Density Sum, 3.765588615020218
X Velocity[A/fs], -0.154913, 0.152734, -0.797869, 0.794907,  
Y Velocity[A/fs],-0.000167023, 0.00265715, 0.00701304, -0.0490164,  
Z Velocity[A/fs],-0.00174986, -0.00814564, 0.0295397, 0.0662497,  
Speed[A/fs],0.154923, 0.152974, 0.798446, 0.799167, 

C2H2_14r149, C[0], C[1], H[2], H[3], 
Densities, 1.673822339860673, 1.974819278735273, 0.0005139348199852695, 9.419961390216497e-05, 
Time[fs], 61.500000, 63.000000, 26.500000, 26.500000, 
Density Sum, 3.649249753029833
X Velocity[A/fs], -0.1669, 0.159795, -0.795641, 0.790266,  
Y Velocity[A/fs],-0.00773509, -0.00665953, 0.124151, -0.107932,  
Z Velocity[A/fs],0.0106935, 0.0073295, -0.120453, 0.09676,  
Speed[A/fs],0.167421, 0.160101, 0.814228, 0.803451, 

C2H2_14r72, C[0], C[1], H[2], H[3], 
Densities, 2.036708119969725, 1.696036504749461, 0.0005843950935319596, 4.747426694554306e-05, 
Time[fs], 65.000000, 64.500000, 26.500000, 26.500000, 
Density Sum, 3.733376494079664
X Velocity[A/fs], -0.152727, 0.156107, -0.788278, 0.805465,  
Y Velocity[A/fs],0.00236588, 0.00650645, 0.0189839, 0.06314,  
Z Velocity[A/fs],0.00708689, 0.00212793, -0.0825952, 0.0773903,  
Speed[A/fs],0.152909, 0.156257, 0.792821, 0.811634, 

C2H2_14r27, C[0], C[1], H[2], H[3], 
Densities, 1.872050996439922, 1.759495838326948, 0.0007699802276292755, 7.154013159085575e-05, 
Time[fs], 63.000000, 63.000000, 26.500000, 26.500000, 
Density Sum, 3.63238835512609
X Velocity[A/fs], -0.158669, 0.161861, -0.793971, 0.810123,  
Y Velocity[A/fs],0.0074424, -0.00181452, 0.0826985, 0.0215515,  
Z Velocity[A/fs],-0.00874131, -0.00401166, -0.109479, 0.079197,  
Speed[A/fs],0.159084, 0.161921, 0.805739, 0.81427, 

C2H2_14r178, C[0], C[1], H[2], H[3], 
Densities, 1.343502509360698, 2.333975172720261, 0.001002583567433922, 7.315397723222863e-05, 
Time[fs], 63.500000, 63.500000, 26.500000, 26.500000, 
Density Sum, 3.678553419625625
X Velocity[A/fs], -0.158005, 0.155736, -0.805697, 0.79786,  
Y Velocity[A/fs],0.00965221, 0.00707727, -0.080108, -0.0391242,  
Z Velocity[A/fs],-0.00093372, -0.00326808, -0.00546591, 0.0735723,  
Speed[A/fs],0.158302, 0.155931, 0.809688, 0.8022, 

C2H2_14r153, C[0], C[1], H[2], H[3], 
Densities, 2.213374846934286, 1.445784674916099, 0.001274899568198998, 7.676512326416663e-05, 
Time[fs], 66.000000, 61.500000, 26.500000, 26.500000, 
Density Sum, 3.660511186541848
X Velocity[A/fs], -0.149385, 0.165052, -0.79308, 0.810643,  
Y Velocity[A/fs],0.00771351, 0.00471775, 0.0459623, 0.0640363,  
Z Velocity[A/fs],-0.0085096, -0.00238104, -0.0334145, -0.0651932,  
Speed[A/fs],0.149826, 0.165137, 0.795113, 0.815778, 

C2H2_14r87, C[0], C[1], H[2], H[3], 
Densities, 2.217011683859524, 1.464708410545715, 0.000443344911843579, 7.941194850278481e-05, 
Time[fs], 63.500000, 63.000000, 27.000000, 26.500000, 
Density Sum, 3.682242851265586
X Velocity[A/fs], -0.156806, 0.160253, -0.792128, 0.799772,  
Y Velocity[A/fs],-0.00502153, -0.00139224, -0.0105678, 0.05514,  
Z Velocity[A/fs],0.00207861, 0.0100117, 0.0988858, -0.0945298,  
Speed[A/fs],0.1569, 0.160571, 0.798347, 0.807225, 

C2H2_14r74, C[0], C[1], H[2], H[3], 
Densities, 1.934557820133433, 1.71842356288684, 0.001282163450608579, 0.0001122998901346542, 
Time[fs], 63.000000, 61.500000, 26.500000, 26.500000, 
Density Sum, 3.654375846361016
X Velocity[A/fs], -0.158997, 0.164388, -0.807603, 0.801502,  
Y Velocity[A/fs],0.00226758, 5.27922e-05, 0.0408005, -0.0768987,  
Z Velocity[A/fs],-0.000958032, -0.000266491, -0.0590399, 0.0784844,  
Speed[A/fs],0.159016, 0.164388, 0.810786, 0.808998, 

C2H2_14r175, C[0], C[1], H[2], H[3], 
Densities, 1.896488157709602, 1.794598272539196, 0.0007954560310869705, 3.3178241715402e-05, 
Time[fs], 64.500000, 63.500000, 26.500000, 26.500000, 
Density Sum, 3.691915064521601
X Velocity[A/fs], -0.157583, 0.159045, -0.791299, 0.80048,  
Y Velocity[A/fs],-0.0129024, 0.00332255, 0.0867217, 0.00565585,  
Z Velocity[A/fs],0.00104842, 0.00129106, 0.0470549, -0.0705702,  
Speed[A/fs],0.158113, 0.159085, 0.797427, 0.803605, 

C2H2_14r96, C[0], C[1], H[2], H[3], 
Densities, 1.859616656871087, 1.827917682374972, 0.0006099179138230565, 3.891714887192589e-05, 
Time[fs], 64.500000, 64.000000, 26.500000, 26.500000, 
Density Sum, 3.688183174308754
X Velocity[A/fs], -0.154898, 0.155766, -0.792087, 0.806892,  
Y Velocity[A/fs],-0.00043704, 0.00467143, -0.0393231, -0.0216856,  
Z Velocity[A/fs],-0.00100197, 0.00184189, 0.0878004, -0.08029,  
Speed[A/fs],0.154902, 0.155847, 0.797908, 0.811167, 

C2H2_14r73, C[0], C[1], H[2], H[3], 
Densities, 1.878323038226907, 1.810031114588674, 0.0008010496339359983, 0.0001007592549394297, 
Time[fs], 62.000000, 64.500000, 26.500000, 27.000000, 
Density Sum, 3.689255961704457
X Velocity[A/fs], -0.165221, 0.153908, -0.789312, 0.798192,  
Y Velocity[A/fs],-0.00376196, -0.00678652, 0.120731, -0.0635524,  
Z Velocity[A/fs],-0.000620224, -0.00359273, 0.0878116, -0.0708434,  
Speed[A/fs],0.165265, 0.154099, 0.803306, 0.803846, 

C2H2_14r20, C[0], C[1], H[2], H[3], 
Densities, 2.134635655173961, 1.666295529217931, 0.0006708715167566358, 8.28549553583752e-05, 
Time[fs], 65.500000, 64.500000, 26.500000, 26.500000, 
Density Sum, 3.801684910864007
X Velocity[A/fs], -0.14987, 0.154707, -0.783146, 0.808287,  
Y Velocity[A/fs],-0.000964416, -0.00157406, 0.0420892, -0.00502707,  
Z Velocity[A/fs],0.00124453, 0.0117341, -0.0631678, -0.0523048,  
Speed[A/fs],0.149878, 0.15516, 0.786816, 0.809993, 

C2H2_14r184, C[0], C[1], H[2], H[3], 
Densities, 1.959734486180638, 1.837451863377161, 0.0002618446320490696, 0.0002635596711237939, 
Time[fs], 66.500000, 64.000000, 27.000000, 26.500000, 
Density Sum, 3.797711753860972
X Velocity[A/fs], -0.149323, 0.157123, -0.781097, 0.802123,  
Y Velocity[A/fs],-0.00552507, -0.00262151, 0.0527201, 0.00636469,  
Z Velocity[A/fs],0.00454529, -0.000325407, -0.0675038, 0.0254541,  
Speed[A/fs],0.149495, 0.157146, 0.785779, 0.802552, 

C2H2_14r154, C[0], C[1], H[2], H[3], 
Densities, 1.99462601879202, 1.654604200320491, 0.0009479536800876224, 5.773163671018233e-05, 
Time[fs], 63.000000, 63.000000, 26.500000, 26.500000, 
Density Sum, 3.65023590442931
X Velocity[A/fs], -0.161376, 0.160683, -0.806048, 0.804234,  
Y Velocity[A/fs],-0.00109196, -0.00165722, 0.0591627, 0.0328459,  
Z Velocity[A/fs],0.000599449, 0.000501696, -0.0117122, 0.0610534,  
Speed[A/fs],0.161381, 0.160693, 0.808301, 0.807216, 

C2H2_14r31, C[0], C[1], H[2], H[3], 
Densities, 2.179077252243016, 1.447534568940394, 0.003655443440550498, 3.25937134901921e-05, 
Time[fs], 61.500000, 61.500000, 26.500000, 26.500000, 
Density Sum, 3.63029985833745
X Velocity[A/fs], -0.163161, 0.166509, -0.79105, 0.811182,  
Y Velocity[A/fs],-0.00383988, 0.00462259, 0.0300085, 0.0676305,  
Z Velocity[A/fs],-0.00250156, 0.0115149, 0.108632, -0.115542,  
Speed[A/fs],0.163226, 0.166971, 0.799037, 0.822156, 

C2H2_14r126, C[0], C[1], H[2], H[3], 
Densities, 1.606805386084544, 2.056918522982345, 0.0008349722738850686, 6.599717615721155e-05, 
Time[fs], 63.000000, 63.500000, 26.500000, 26.500000, 
Density Sum, 3.664624878516932
X Velocity[A/fs], -0.162036, 0.15812, -0.798673, 0.796633,  
Y Velocity[A/fs],0.000843714, 0.00520553, -0.0369319, -0.039894,  
Z Velocity[A/fs],-0.00517776, 0.00205622, -0.108705, 0.0952733,  
Speed[A/fs],0.162121, 0.158219, 0.806882, 0.803301, 

C2H2_14r45, C[0], C[1], H[2], H[3], 
Densities, 1.524063378846035, 2.065963153663901, 0.0017960912641491, 3.626327322523495e-05, 
Time[fs], 61.500000, 61.500000, 26.500000, 26.500000, 
Density Sum, 3.591858887047311
X Velocity[A/fs], -0.166092, 0.165106, -0.810095, 0.809746,  
Y Velocity[A/fs],0.00476012, 0.00146348, -0.0841565, 0.0580365,  
Z Velocity[A/fs],0.00557817, -0.00365665, -0.0406357, -0.0539651,  
Speed[A/fs],0.166253, 0.165153, 0.815467, 0.813615, 

C2H2_14r53, C[0], C[1], H[2], H[3], 
Densities, 2.212340357103846, 1.450070726685986, 0.0006764238558180827, 7.643590010396629e-05, 
Time[fs], 63.500000, 63.000000, 26.500000, 26.500000, 
Density Sum, 3.663163943545754
X Velocity[A/fs], -0.157545, 0.160219, -0.784171, 0.797042,  
Y Velocity[A/fs],0.00435073, 0.00199315, 0.0914545, -0.0894815,  
Z Velocity[A/fs],-0.00811221, -0.00733756, 0.115411, -0.115557,  
Speed[A/fs],0.157813, 0.160399, 0.797877, 0.810331, 

C2H2_14r186, C[0], C[1], H[2], H[3], 
Densities, 1.907110955621012, 1.792297184255304, 0.00040177542531647, 5.138049791239017e-05, 
Time[fs], 65.500000, 63.500000, 26.500000, 26.500000, 
Density Sum, 3.699861295799545
X Velocity[A/fs], -0.153253, 0.15618, -0.794211, 0.807132,  
Y Velocity[A/fs],0.00325823, 0.00653651, -0.0319894, 0.0562229,  
Z Velocity[A/fs],-0.000598208, 0.0145032, 0.0642488, -0.0849581,  
Speed[A/fs],0.153289, 0.156988, 0.797448, 0.813536, 

C2H2_14r13, C[0], C[1], H[2], H[3], 
Densities, 1.642507098693489, 2.115028709257336, 0.000479769467000872, 7.996707052070691e-05, 
Time[fs], 65.500000, 63.500000, 26.500000, 26.500000, 
Density Sum, 3.758095544488346
X Velocity[A/fs], -0.151613, 0.158126, -0.792992, 0.805339,  
Y Velocity[A/fs],0.00559278, -0.00321171, 0.0499683, 0.0354466,  
Z Velocity[A/fs],-0.00688706, -0.000558231, -0.0544869, -0.0547436,  
Speed[A/fs],0.151873, 0.15816, 0.796431, 0.807975, 

C2H2_14r102, C[0], C[1], H[2], H[3], 
Densities, 2.315626440050466, 1.333040040861196, 0.0007104542106134502, 6.811042965733597e-05, 
Time[fs], 63.000000, 63.500000, 26.500000, 26.500000, 
Density Sum, 3.649445045551933
X Velocity[A/fs], -0.158804, 0.157611, -0.793831, 0.802946,  
Y Velocity[A/fs],-0.00189772, 0.0027089, -0.0885091, 0.0857493,  
Z Velocity[A/fs],-0.0036737, -0.0035084, 0.0936424, -0.0797846,  
Speed[A/fs],0.158858, 0.157673, 0.804221, 0.811444, 

C2H2_14r12, C[0], C[1], H[2], H[3], 
Densities, 1.995684097942442, 1.623965271229542, 0.0009032936352035613, 3.576645948585538e-05, 
Time[fs], 62.000000, 62.000000, 26.500000, 26.500000, 
Density Sum, 3.620588429266673
X Velocity[A/fs], -0.163202, 0.162647, -0.798353, 0.81431,  
Y Velocity[A/fs],-0.00279312, 0.00181361, -0.0514678, -0.0442549,  
Z Velocity[A/fs],0.00515037, -0.00631153, 0.0860476, -0.0288006,  
Speed[A/fs],0.163307, 0.16278, 0.804625, 0.81602, 

C2H2_14r28, C[0], C[1], H[2], H[3], 
Densities, 2.080545059783352, 1.597610979511541, 0.0004054094942160131, 4.226481544685887e-05, 
Time[fs], 63.000000, 64.500000, 26.500000, 26.500000, 
Density Sum, 3.678603713604556
X Velocity[A/fs], -0.159401, 0.15562, -0.792739, 0.807694,  
Y Velocity[A/fs],-0.00700314, 0.0030857, 0.0633386, 0.0443441,  
Z Velocity[A/fs],-0.00278268, -0.00109116, -0.0910991, 0.0466882,  
Speed[A/fs],0.159579, 0.155654, 0.800466, 0.810257, 

C2H2_14r159, C[0], C[1], H[2], H[3], 
Densities, 1.335047608573125, 2.332074989268726, 0.0009478813194130596, 0.0001261732283609665, 
Time[fs], 64.000000, 62.500000, 26.500000, 26.500000, 
Density Sum, 3.668196652389625
X Velocity[A/fs], -0.158071, 0.159736, -0.805504, 0.801729,  
Y Velocity[A/fs],0.00581056, 0.00284519, -0.0878682, 0.0930258,  
Z Velocity[A/fs],0.0019745, -0.00239381, -0.0443121, 0.0586921,  
Speed[A/fs],0.15819, 0.15978, 0.811493, 0.809239, 

C2H2_14r140, C[0], C[1], H[2], H[3], 
Densities, 2.252696434511162, 1.555262256415504, 0.0005589842568850232, 0.0001019027388195739, 
Time[fs], 64.000000, 66.000000, 26.500000, 26.500000, 
Density Sum, 3.808619577922371
X Velocity[A/fs], -0.153748, 0.149886, -0.776857, 0.801452,  
Y Velocity[A/fs],0.00239959, 0.000157499, -0.0590452, -0.0287909,  
Z Velocity[A/fs],0.0036572, -0.00133965, -0.0797508, 0.0422764,  
Speed[A/fs],0.15381, 0.149892, 0.783169, 0.803083, 

C2H2_14r196, C[0], C[1], H[2], H[3], 
Densities, 2.039928896100327, 1.644843149859559, 0.0008396428516126942, 9.163208867849964e-05, 
Time[fs], 64.000000, 63.500000, 26.500000, 26.500000, 
Density Sum, 3.685703320900178
X Velocity[A/fs], -0.155468, 0.158537, -0.789439, 0.799754,  
Y Velocity[A/fs],0.00401239, -0.00264569, 0.069762, -0.104712,  
Z Velocity[A/fs],0.00267867, -0.00254047, 0.100816, -0.0985706,  
Speed[A/fs],0.155543, 0.158579, 0.798902, 0.81258, 

C2H2_14r25, C[0], C[1], H[2], H[3], 
Densities, 1.957897930569755, 1.826303533993059, 0.0006209253366778601, 7.527312910678257e-05, 
Time[fs], 66.000000, 65.000000, 26.500000, 26.500000, 
Density Sum, 3.784897663028598
X Velocity[A/fs], -0.149012, 0.151732, -0.788033, 0.805376,  
Y Velocity[A/fs],0.00151407, 0.00179913, 0.0605431, -0.0451742,  
Z Velocity[A/fs],0.00967981, 0.00081486, 0.0200352, -0.0510806,  
Speed[A/fs],0.149334, 0.151744, 0.790609, 0.808257, 

C2H2_14r9, C[0], C[1], H[2], H[3], 
Densities, 1.763126053608372, 1.913350021722213, 0.0009640536229936201, 7.090786358879117e-05, 
Time[fs], 63.000000, 63.500000, 26.500000, 26.500000, 
Density Sum, 3.677511036817168
X Velocity[A/fs], -0.162248, 0.156549, -0.798976, 0.796298,  
Y Velocity[A/fs],-0.000198977, -0.000719672, 0.0646485, -0.0515921,  
Z Velocity[A/fs],0.000212951, -0.0076918, 0.104771, -0.0841294,  
Speed[A/fs],0.162249, 0.15674, 0.808405, 0.80239, 

C2H2_14r76, C[0], C[1], H[2], H[3], 
Densities, 2.270582897693036, 1.397821690144037, 0.0005770964354344563, 6.417378936701499e-05, 
Time[fs], 64.500000, 63.500000, 26.500000, 26.500000, 
Density Sum, 3.669045858061875
X Velocity[A/fs], -0.154374, 0.15938, -0.78519, 0.810425,  
Y Velocity[A/fs],0.00906632, 0.00430771, 0.0999194, -0.0899716,  
Z Velocity[A/fs],0.00250474, 0.00196037, 0.0752071, -0.082469,  
Speed[A/fs],0.15466, 0.159451, 0.795087, 0.819564, 

C2H2_14r148, C[0], C[1], H[2], H[3], 
Densities, 1.773065965971212, 1.847859882668277, 0.0003938790329899394, 5.054365746878584e-05, 
Time[fs], 61.000000, 63.500000, 26.500000, 26.500000, 
Density Sum, 3.621370271329948
X Velocity[A/fs], -0.167326, 0.159355, -0.800139, 0.798918,  
Y Velocity[A/fs],-0.000793208, -0.00417666, -0.104842, 0.0748349,  
Z Velocity[A/fs],-0.00352064, 0.00118284, 0.102358, -0.0700109,  
Speed[A/fs],0.167365, 0.159414, 0.813444, 0.805463, 

C2H2_14r30, C[0], C[1], H[2], H[3], 
Densities, 2.170407285166306, 1.531902334770641, 0.0007512763738882583, 5.053690097331237e-05, 
Time[fs], 62.500000, 65.500000, 26.500000, 26.500000, 
Density Sum, 3.703111433211808
X Velocity[A/fs], -0.162244, 0.151535, -0.794992, 0.795269,  
Y Velocity[A/fs],-4.59594e-05, 0.000247062, -0.0669335, 0.0182406,  
Z Velocity[A/fs],-0.0048848, 0.000771578, -0.0555035, 0.0682753,  
Speed[A/fs],0.162317, 0.151537, 0.799733, 0.798403, 

C2H2_14r124, C[0], C[1], H[2], H[3], 
Densities, 1.737466495476333, 2.054895670260259, 0.0005903713597833261, 0.0001295220289988397, 
Time[fs], 66.500000, 66.000000, 26.500000, 26.500000, 
Density Sum, 3.793082059125374
X Velocity[A/fs], -0.148182, 0.150533, -0.788399, 0.797349,  
Y Velocity[A/fs],-0.0116654, -0.00523712, -0.0710942, 0.073696,  
Z Velocity[A/fs],0.00138519, 0.000774534, 0.0305835, 0.0171811,  
Speed[A/fs],0.148647, 0.150626, 0.792189, 0.800932, 

C2H2_14r179, C[0], C[1], H[2], H[3], 
Densities, 1.590958070272319, 2.050935336523839, 0.0006825742271537914, 6.707841987871744e-05, 
Time[fs], 61.000000, 63.000000, 26.500000, 26.500000, 
Density Sum, 3.64264305944319
X Velocity[A/fs], -0.167848, 0.157895, -0.80599, 0.803256,  
Y Velocity[A/fs],0.00352317, -0.000942296, 0.10947, -0.0711582,  
Z Velocity[A/fs],-0.00141196, 0.0029088, -0.00472596, -0.0319272,  
Speed[A/fs],0.167891, 0.157924, 0.813404, 0.807033, 

C2H2_14r156, C[0], C[1], H[2], H[3], 
Densities, 1.893533544565676, 1.787145297375446, 0.001482840308714551, 0.000102738809008116, 
Time[fs], 63.500000, 63.000000, 26.500000, 26.500000, 
Density Sum, 3.682264421058844
X Velocity[A/fs], -0.157831, 0.159098, -0.804948, 0.79714,  
Y Velocity[A/fs],-0.000400655, -0.00378536, 0.00241643, -0.0783655,  
Z Velocity[A/fs],0.000843992, 0.0079319, 0.0394687, 0.0737344,  
Speed[A/fs],0.157834, 0.15934, 0.805919, 0.804369, 

C2H2_14r187, C[0], C[1], H[2], H[3], 
Densities, 1.88296505965141, 1.778552714819019, 0.0006866913526567264, 5.985538397088492e-05, 
Time[fs], 64.000000, 63.000000, 26.500000, 26.500000, 
Density Sum, 3.662264321207057
X Velocity[A/fs], -0.158329, 0.159825, -0.791112, 0.795531,  
Y Velocity[A/fs],-0.00474908, -0.00640546, -0.0445539, -0.070032,  
Z Velocity[A/fs],-0.0110215, 0.00631753, -0.110031, 0.111312,  
Speed[A/fs],0.158783, 0.160078, 0.799969, 0.806328, 

C2H2_14r135, C[0], C[1], H[2], H[3], 
Densities, 2.244077929311845, 1.416833570654864, 0.0005140936531894048, 9.410047430447053e-05, 
Time[fs], 65.500000, 61.500000, 27.000000, 26.500000, 
Density Sum, 3.661519694094204
X Velocity[A/fs], -0.15121, 0.165738, -0.788245, 0.811037,  
Y Velocity[A/fs],-0.0100483, 0.00265028, -0.0885694, 0.050005,  
Z Velocity[A/fs],0.00147763, -0.00163117, 0.0634547, -0.0786104,  
Speed[A/fs],0.15155, 0.165768, 0.79574, 0.81637, 

C2H2_14r62, C[0], C[1], H[2], H[3], 
Densities, 1.818031617630821, 1.767448282335498, 0.000866060423107496, 3.843388504584149e-05, 
Time[fs], 62.000000, 60.000000, 26.500000, 26.500000, 
Density Sum, 3.586384394274472
X Velocity[A/fs], -0.163142, 0.171643, -0.802389, 0.806935,  
Y Velocity[A/fs],-0.00532115, -0.000545598, 0.0121556, 0.0708106,  
Z Velocity[A/fs],0.00820063, 0.0076815, 0.10736, -0.107072,  
Speed[A/fs],0.163434, 0.171815, 0.809631, 0.817082, 

C2H2_14r195, C[0], C[1], H[2], H[3], 
Densities, 1.658970656753024, 1.988038752475955, 0.0004976250697489816, 0.0001074483325306418, 
Time[fs], 64.500000, 60.500000, 27.000000, 26.500000, 
Density Sum, 3.647614482631258
X Velocity[A/fs], -0.155933, 0.168142, -0.796611, 0.800093,  
Y Velocity[A/fs],-0.00415706, -0.0021325, -0.0729812, 0.0770444,  
Z Velocity[A/fs],0.00440813, -0.00615998, 0.0868198, -0.0974648,  
Speed[A/fs],0.156051, 0.168268, 0.804645, 0.809682, 

C2H2_14r121, C[0], C[1], H[2], H[3], 
Densities, 2.172018351888189, 1.421576874511837, 0.001097040695934627, 2.622218261033807e-05, 
Time[fs], 62.000000, 61.500000, 26.500000, 26.500000, 
Density Sum, 3.594718489278571
X Velocity[A/fs], -0.162341, 0.166218, -0.80151, 0.805194,  
Y Velocity[A/fs],-0.00492226, -0.0129485, -0.085004, 0.101967,  
Z Velocity[A/fs],0.000859325, 0.00203884, 0.0323859, -0.0936444,  
Speed[A/fs],0.162418, 0.166734, 0.806655, 0.817009, 

C2H2_14r115, C[0], C[1], H[2], H[3], 
Densities, 1.619000264048702, 2.056091868278652, 0.001355597298299122, 7.419034123786809e-05, 
Time[fs], 64.500000, 63.500000, 26.500000, 26.500000, 
Density Sum, 3.676521919966891
X Velocity[A/fs], -0.15621, 0.159171, -0.80592, 0.800877,  
Y Velocity[A/fs],0.00545185, 0.000924672, -0.0450604, 0.0626527,  
Z Velocity[A/fs],-0.00857244, -0.00258568, -0.049072, -0.0328306,  
Speed[A/fs],0.15654, 0.159194, 0.808669, 0.803995, 

C2H2_14r139, C[0], C[1], H[2], H[3], 
Densities, 2.20648442824762, 1.448311220612112, 0.001508564780644943, 9.452576726374006e-05, 
Time[fs], 65.500000, 62.000000, 26.500000, 26.500000, 
Density Sum, 3.65639873940764
X Velocity[A/fs], -0.15039, 0.164351, -0.798613, 0.810371,  
Y Velocity[A/fs],0.00165051, 0.00706434, 0.0257485, 0.0418815,  
Z Velocity[A/fs],-0.000751235, 0.00228301, 0.00979211, 0.0682001,  
Speed[A/fs],0.150401, 0.164519, 0.799088, 0.814313, 

C2H2_14r32, C[0], C[1], H[2], H[3], 
Densities, 2.262534281167756, 1.387250886055905, 0.0006029833195949672, 5.852094935872859e-05, 
Time[fs], 62.000000, 65.000000, 26.500000, 26.500000, 
Density Sum, 3.650446671492615
X Velocity[A/fs], -0.163053, 0.153653, -0.796571, 0.799815,  
Y Velocity[A/fs],-0.00284313, -0.00193156, -0.0421027, -0.0586187,  
Z Velocity[A/fs],0.00393522, 0.00395071, -0.106698, 0.0931908,  
Speed[A/fs],0.163125, 0.153715, 0.804788, 0.807357, 

C2H2_14r48, C[0], C[1], H[2], H[3], 
Densities, 1.901458392170472, 1.748518145547973, 0.001180309737545995, 7.276298113071489e-05, 
Time[fs], 65.000000, 61.500000, 26.500000, 26.500000, 
Density Sum, 3.651229610437122
X Velocity[A/fs], -0.155844, 0.165299, -0.802769, 0.805911,  
Y Velocity[A/fs],-0.00372109, 0.00551631, 0.0367069, 0.0523046,  
Z Velocity[A/fs],-0.00022361, -0.00145199, 0.0092824, 0.0777269,  
Speed[A/fs],0.155888, 0.165397, 0.803662, 0.811338, 

C2H2_14r172, C[0], C[1], H[2], H[3], 
Densities, 2.014132741146378, 1.622595426315388, 0.0008642706122374466, 6.296157429557778e-05, 
Time[fs], 63.000000, 64.000000, 26.500000, 26.500000, 
Density Sum, 3.637655399648299
X Velocity[A/fs], -0.158773, 0.158143, -0.805343, 0.81158,  
Y Velocity[A/fs],-0.0118954, -0.000364922, 0.0549289, -0.0347081,  
Z Velocity[A/fs],0.00102077, -0.00515956, -0.0326515, 0.0154931,  
Speed[A/fs],0.159221, 0.158227, 0.807874, 0.81247, 

C2H2_14r85, C[0], C[1], H[2], H[3], 
Densities, 1.629363834519264, 2.005696960482909, 0.0007306611060920753, 5.00210276749647e-05, 
Time[fs], 62.500000, 62.500000, 26.500000, 26.500000, 
Density Sum, 3.63584147713594
X Velocity[A/fs], -0.162735, 0.161433, -0.813383, 0.800335,  
Y Velocity[A/fs],0.00460084, -0.00629129, -0.0712485, -0.0239428,  
Z Velocity[A/fs],-0.00226061, -0.00564993, 0.00838439, -0.042699,  
Speed[A/fs],0.162815, 0.161654, 0.81654, 0.801831, 

C2H2_14r133, C[0], C[1], H[2], H[3], 
Densities, 1.915261569156371, 1.677320605014165, 0.001878584445343768, 5.245984805618922e-05, 
Time[fs], 60.000000, 63.000000, 26.500000, 26.500000, 
Density Sum, 3.594513218463935
X Velocity[A/fs], -0.171918, 0.159226, -0.804078, 0.809984,  
Y Velocity[A/fs],0.00327125, 0.00343976, -0.0961764, 0.0769802,  
Z Velocity[A/fs],0.00765044, -0.00136366, -0.0885667, -0.0153159,  
Speed[A/fs],0.172119, 0.159269, 0.814639, 0.813778, 

C2H2_14r104, C[0], C[1], H[2], H[3], 
Densities, 1.882488932546012, 1.768312321475618, 0.0007664633272632481, 6.101548422910847e-05, 
Time[fs], 64.000000, 61.000000, 26.500000, 26.500000, 
Density Sum, 3.651628732833122
X Velocity[A/fs], -0.156074, 0.166962, -0.79304, 0.82178,  
Y Velocity[A/fs],0.00683819, -0.00636015, 0.0795329, -0.0180341,  
Z Velocity[A/fs],-0.00391857, -0.00113616, -0.0527358, 0.0239773,  
Speed[A/fs],0.156273, 0.167087, 0.798761, 0.822327, 

C2H2_14r127, C[0], C[1], H[2], H[3], 
Densities, 2.026022514889797, 1.759360676067506, 0.0007405676309916052, 0.0001576109246243492, 
Time[fs], 63.500000, 66.500000, 26.500000, 27.000000, 
Density Sum, 3.786281369512919
X Velocity[A/fs], -0.157455, 0.149847, -0.787851, 0.797293,  
Y Velocity[A/fs],0.00460969, -0.00478762, 0.0788857, -0.0551384,  
Z Velocity[A/fs],-0.00335665, -0.00557187, 0.0767729, -0.0433946,  
Speed[A/fs],0.157558, 0.150027, 0.795504, 0.800374, 

C2H2_14r180, C[0], C[1], H[2], H[3], 
Densities, 1.744270604078153, 1.894891845669906, 0.0006855869390890262, 6.47388511613233e-05, 
Time[fs], 62.500000, 61.500000, 26.500000, 26.500000, 
Density Sum, 3.63991277553831
X Velocity[A/fs], -0.161962, 0.164047, -0.803553, 0.797444,  
Y Velocity[A/fs],-0.00024251, 0.0021221, 0.00981341, 0.052644,  
Z Velocity[A/fs],0.0051681, -0.000287973, 0.0963472, -0.103466,  
Speed[A/fs],0.162044, 0.164061, 0.809368, 0.80585, 

C2H2_14r130, C[0], C[1], H[2], H[3], 
Densities, 1.686653285889521, 1.995114384620997, 0.0008525142478481144, 7.685047202254939e-05, 
Time[fs], 63.000000, 63.500000, 26.500000, 26.500000, 
Density Sum, 3.682697035230389
X Velocity[A/fs], -0.161917, 0.157965, -0.795048, 0.793247,  
Y Velocity[A/fs],-0.00576914, -0.00258244, 0.0564786, -0.0718724,  
Z Velocity[A/fs],-0.00936533, -0.0047315, 0.113983, -0.0881871,  
Speed[A/fs],0.162291, 0.158057, 0.805161, 0.801364, 

C2H2_14r29, C[0], C[1], H[2], H[3], 
Densities, 2.26848618613295, 1.424875459101968, 0.0007237903121953745, 2.900559375229977e-05, 
Time[fs], 65.000000, 63.500000, 26.500000, 26.500000, 
Density Sum, 3.694114441140866
X Velocity[A/fs], -0.152838, 0.157708, -0.791466, 0.807082,  
Y Velocity[A/fs],-0.00157637, 0.00215461, -0.0356089, -0.0647397,  
Z Velocity[A/fs],0.00450255, 0.00352746, -0.0486961, -0.0340978,  
Speed[A/fs],0.152912, 0.157763, 0.793762, 0.810392, 

C2H2_14r194, C[0], C[1], H[2], H[3], 
Densities, 1.882057947840254, 1.790217875387921, 0.0005852675102067765, 6.380292919232372e-05, 
Time[fs], 62.000000, 62.500000, 26.500000, 26.500000, 
Density Sum, 3.672924893667574
X Velocity[A/fs], -0.162288, 0.161774, -0.786572, 0.802803,  
Y Velocity[A/fs],0.00465343, -0.00460565, 0.117073, -0.112903,  
Z Velocity[A/fs],-0.0042812, -0.00160648, -0.0832297, 0.0563929,  
Speed[A/fs],0.162411, 0.161848, 0.79958, 0.812662, 

C2H2_14r97, C[0], C[1], H[2], H[3], 
Densities, 1.868913352572439, 1.778678893833967, 0.0009728766672359065, 5.086234747873298e-05, 
Time[fs], 64.500000, 63.000000, 26.500000, 26.500000, 
Density Sum, 3.648615985421121
X Velocity[A/fs], -0.155704, 0.161322, -0.803256, 0.804904,  
Y Velocity[A/fs],-0.00153946, -0.00595637, 0.0115707, 0.0714106,  
Z Velocity[A/fs],-0.00659211, -0.00300057, 0.0273036, 0.0676538,  
Speed[A/fs],0.155852, 0.16146, 0.803803, 0.810892, 

C2H2_14r190, C[0], C[1], H[2], H[3], 
Densities, 2.043984286152021, 1.60342307524806, 0.0006690843813588103, 4.374763452432979e-05, 
Time[fs], 63.000000, 64.000000, 26.500000, 26.500000, 
Density Sum, 3.648120193415964
X Velocity[A/fs], -0.158437, 0.159062, -0.800124, 0.801895,  
Y Velocity[A/fs],-0.00216514, -0.0117023, 0.0283925, 0.0870109,  
Z Velocity[A/fs],0.00394591, 0.00229071, 0.0775697, -0.0634421,  
Speed[A/fs],0.158501, 0.159508, 0.804376, 0.809093, 

C2H2_14r66, C[0], C[1], H[2], H[3], 
Densities, 1.949184554729315, 1.756770545536013, 0.0007770172801740137, 6.371110200735444e-05, 
Time[fs], 67.000000, 62.000000, 26.500000, 26.500000, 
Density Sum, 3.706795828647509
X Velocity[A/fs], -0.148665, 0.163643, -0.78655, 0.807482,  
Y Velocity[A/fs],-0.00185533, -0.000474065, 0.0521169, -0.01642,  
Z Velocity[A/fs],0.0034497, 0.00407185, -0.0614131, 0.0819669,  
Speed[A/fs],0.148717, 0.163694, 0.790663, 0.811797, 

C2H2_14r152, C[0], C[1], H[2], H[3], 
Densities, 2.239361352500331, 1.489887089560981, 0.001059578610997968, 0.0001432251925661428, 
Time[fs], 63.000000, 66.500000, 26.500000, 27.000000, 
Density Sum, 3.730451245864876
X Velocity[A/fs], -0.160425, 0.14879, -0.794921, 0.799798,  
Y Velocity[A/fs],0.00374597, -0.00244479, 0.0805119, -0.0496611,  
Z Velocity[A/fs],0.000708589, 0.00509531, 0.0534566, 0.0482649,  
Speed[A/fs],0.160471, 0.148897, 0.800774, 0.80279, 

C2H2_14r188, C[0], C[1], H[2], H[3], 
Densities, 1.645252221238866, 2.049543921621024, 0.0007995694990049198, 6.125323536807805e-05, 
Time[fs], 66.000000, 62.000000, 26.500000, 26.500000, 
Density Sum, 3.695656965594263
X Velocity[A/fs], -0.151997, 0.163718, -0.791639, 0.797947,  
Y Velocity[A/fs],-0.00607215, 0.00225313, 0.0646874, -0.0926579,  
Z Velocity[A/fs],-0.00448781, -0.000235239, 0.050068, 0.0559278,  
Speed[A/fs],0.152185, 0.163733, 0.795854, 0.805253, 

C2H2_14r117, C[0], C[1], H[2], H[3], 
Densities, 1.725501095650575, 1.99060916916931, 0.0006984156734691592, 6.73427188028652e-05, 
Time[fs], 66.000000, 63.500000, 26.500000, 26.500000, 
Density Sum, 3.716876023212157
X Velocity[A/fs], -0.149618, 0.15848, -0.792243, 0.798286,  
Y Velocity[A/fs],-0.00136204, 0.00262916, -0.0730576, 0.0790302,  
Z Velocity[A/fs],-0.0103897, -0.000573624, 0.0532133, -0.0944064,  
Speed[A/fs],0.149985, 0.158503, 0.797382, 0.807725, 

C2H2_14r198, C[0], C[1], H[2], H[3], 
Densities, 2.046448366422163, 1.580036362880139, 0.0009234452390233779, 5.890130323041185e-05, 
Time[fs], 62.500000, 63.500000, 26.500000, 26.500000, 
Density Sum, 3.627467075844555
X Velocity[A/fs], -0.159524, 0.159897, -0.805198, 0.809831,  
Y Velocity[A/fs],-0.00422692, 0.00358203, -0.0641812, 0.0411604,  
Z Velocity[A/fs],0.000166773, 0.0140626, 0.0396562, 0.0414826,  
Speed[A/fs],0.159581, 0.160554, 0.808725, 0.811937, 

C2H2_14r200, C[0], C[1], H[2], H[3], 
Densities, 1.175352960130252, 2.450611340783658, 0.001015336259543312, 7.767686556029289e-05, 
Time[fs], 63.000000, 62.500000, 26.500000, 26.500000, 
Density Sum, 3.627057314039014
X Velocity[A/fs], -0.160306, 0.158582, -0.809429, 0.797076,  
Y Velocity[A/fs],-0.00546169, -0.000971671, 0.101461, -0.073027,  
Z Velocity[A/fs],-0.00320099, 0.00123084, -0.0168135, -0.0586608,  
Speed[A/fs],0.160431, 0.15859, 0.815937, 0.802561, 

C2H2_14r136, C[0], C[1], H[2], H[3], 
Densities, 2.225659803803312, 1.486988752176918, 0.001158742402301159, 8.28600131073409e-05, 
Time[fs], 64.500000, 65.000000, 26.500000, 26.500000, 
Density Sum, 3.713890158395639
X Velocity[A/fs], -0.154087, 0.154471, -0.793107, 0.807994,  
Y Velocity[A/fs],-0.00733155, -0.00207263, -0.0640885, -0.0392999,  
Z Velocity[A/fs],0.00361794, 0.00229712, -0.0213716, 0.0602764,  
Speed[A/fs],0.154304, 0.154502, 0.79598, 0.811192, 

C2H2_14r67, C[0], C[1], H[2], H[3], 
Densities, 1.63113723068576, 2.133279514732632, 0.0005538177076608864, 9.59854783279407e-05, 
Time[fs], 67.000000, 63.000000, 26.500000, 26.500000, 
Density Sum, 3.76506654860438
X Velocity[A/fs], -0.148273, 0.158285, -0.790627, 0.804858,  
Y Velocity[A/fs],-0.00329749, 0.00350295, 0.0322053, 0.0455665,  
Z Velocity[A/fs],0.00567063, -0.00388722, -0.05801, -0.040336,  
Speed[A/fs],0.148418, 0.158372, 0.793407, 0.807156, 

C2H2_14r41, C[0], C[1], H[2], H[3], 
Densities, 2.127536753992233, 1.491181678670824, 0.0009424619729571144, 8.394737729043278e-05, 
Time[fs], 61.000000, 63.000000, 26.500000, 26.500000, 
Density Sum, 3.619744842013305
X Velocity[A/fs], -0.166687, 0.160105, -0.791951, 0.812436,  
Y Velocity[A/fs],0.00895762, 0.00120232, 0.0978959, 0.00280595,  
Z Velocity[A/fs],0.00718869, 0.00337758, 0.115555, -0.0957254,  
Speed[A/fs],0.167082, 0.160145, 0.806302, 0.818061, 

C2H2_14r167, C[0], C[1], H[2], H[3], 
Densities, 1.933672026216909, 1.750440414710407, 0.0007542253373645458, 5.354354070492142e-05, 
Time[fs], 62.000000, 65.000000, 26.500000, 26.500000, 
Density Sum, 3.684920209805385
X Velocity[A/fs], -0.16561, 0.151702, -0.798036, 0.797723,  
Y Velocity[A/fs],-0.00405147, 0.000965156, 0.0444595, -0.000468887,  
Z Velocity[A/fs],0.00260869, -0.000354368, 0.094389, -0.0699241,  
Speed[A/fs],0.16568, 0.151705, 0.804828, 0.800782, 

C2H2_14r142, C[0], C[1], H[2], H[3], 
Densities, 1.56072412275843, 2.103531078978348, 0.0007065972772865988, 6.720616660760912e-05, 
Time[fs], 62.500000, 64.000000, 26.500000, 26.500000, 
Density Sum, 3.665029005180672
X Velocity[A/fs], -0.162508, 0.156638, -0.801129, 0.789363,  
Y Velocity[A/fs],-0.000383261, 0.00470555, -0.0852476, 0.100761,  
Z Velocity[A/fs],0.00920381, 0.00446426, 0.096709, -0.0547851,  
Speed[A/fs],0.162769, 0.156773, 0.811435, 0.797651, 

C2H2_14r8, C[0], C[1], H[2], H[3], 
Densities, 1.844566828868803, 1.886575841588997, 0.0008037094205406416, 3.355229443322143e-05, 
Time[fs], 63.000000, 64.000000, 26.500000, 26.500000, 
Density Sum, 3.731979932172773
X Velocity[A/fs], -0.161025, 0.155345, -0.79224, 0.79279,  
Y Velocity[A/fs],-0.0044397, -0.00014116, -0.0383786, -0.0515699,  
Z Velocity[A/fs],-0.00392451, -0.00404205, 0.0738553, -0.0616015,  
Speed[A/fs],0.161134, 0.155398, 0.7966, 0.79685, 

C2H2_14r24, C[0], C[1], H[2], H[3], 
Densities, 1.875497477886074, 1.833624800492086, 0.0004812955268300917, 0.000218298926825154, 
Time[fs], 65.000000, 63.000000, 27.000000, 27.000000, 
Density Sum, 3.709821872831816
X Velocity[A/fs], -0.156701, 0.159626, -0.791772, 0.801553,  
Y Velocity[A/fs],0.000672492, -0.00511074, -0.0895185, 0.0924639,  
Z Velocity[A/fs],-0.00173057, 0.00178087, -0.00682319, -0.0501487,  
Speed[A/fs],0.156712, 0.159718, 0.796845, 0.808425, 

C2H2_14r122, C[0], C[1], H[2], H[3], 
Densities, 1.884939113758934, 1.756687697504951, 0.0006970800458757286, 5.442258484530493e-05, 
Time[fs], 62.500000, 64.000000, 26.500000, 26.500000, 
Density Sum, 3.642378313894606
X Velocity[A/fs], -0.162102, 0.157707, -0.806422, 0.804853,  
Y Velocity[A/fs],-0.00249284, 0.00385032, 0.0125755, 0.0609076,  
Z Velocity[A/fs],0.00187153, -0.00473906, 0.0452351, 0.0385015,  
Speed[A/fs],0.162132, 0.157825, 0.807788, 0.808072, 

C2H2_14r134, C[0], C[1], H[2], H[3], 
Densities, 2.000581261022062, 1.719257602301847, 0.0006807186256951333, 5.024676674434004e-05, 
Time[fs], 63.500000, 65.000000, 26.500000, 26.500000, 
Density Sum, 3.720569828716348
X Velocity[A/fs], -0.1579, 0.155275, -0.791974, 0.799493,  
Y Velocity[A/fs],0.00430692, -0.00348596, 0.0742025, -0.0611866,  
Z Velocity[A/fs],-0.00835078, -0.000985904, 0.04203, 0.0675967,  
Speed[A/fs],0.15818, 0.155317, 0.796552, 0.804675, 

C2H2_14r65, C[0], C[1], H[2], H[3], 
Densities, 1.558428381576232, 2.08948794351274, 0.0008544466099085315, 7.992111956231772e-05, 
Time[fs], 63.000000, 62.500000, 26.500000, 26.500000, 
Density Sum, 3.648850692818443
X Velocity[A/fs], -0.162228, 0.160869, -0.803687, 0.794288,  
Y Velocity[A/fs],-0.00446938, 0.00125286, -0.080247, 0.109731,  
Z Velocity[A/fs],-0.00201879, -0.00119882, 0.0762297, -0.0671434,  
Speed[A/fs],0.162302, 0.160879, 0.811273, 0.804638, 

C2H2_14r15, C[0], C[1], H[2], H[3], 
Densities, 1.909288873157005, 1.749120592231984, 0.000913616063340476, 9.960549165449096e-05, 
Time[fs], 62.000000, 64.000000, 26.500000, 26.500000, 
Density Sum, 3.659422686943984
X Velocity[A/fs], -0.163741, 0.155359, -0.79603, 0.810746,  
Y Velocity[A/fs],-0.00279129, 0.000855396, 0.0718963, -0.020679,  
Z Velocity[A/fs],0.00819472, 0.00278031, 0.110564, -0.0776086,  
Speed[A/fs],0.16397, 0.155386, 0.806882, 0.814714, 

C2H2_14r189, C[0], C[1], H[2], H[3], 
Densities, 1.971215463948813, 1.705003436808219, 0.0005747221481466629, 6.040561633134225e-05, 
Time[fs], 65.000000, 61.000000, 26.500000, 26.500000, 
Density Sum, 3.676854028521509
X Velocity[A/fs], -0.152492, 0.166093, -0.787774, 0.801805,  
Y Velocity[A/fs],-0.00165424, 0.0026708, -0.0781842, 0.106798,  
Z Velocity[A/fs],0.0055467, -0.00677071, 0.0705503, -0.0731171,  
Speed[A/fs],0.152602, 0.166252, 0.794781, 0.812184, 

C2H2_14r18, C[0], C[1], H[2], H[3], 
Densities, 2.108198928322137, 1.588018135098955, 0.0009991556752268209, 0.0001012971167933511, 
Time[fs], 62.500000, 64.500000, 26.500000, 27.000000, 
Density Sum, 3.697317516213112
X Velocity[A/fs], -0.161639, 0.156176, -0.792151, 0.80006,  
Y Velocity[A/fs],-0.00119273, -0.000522895, -0.00750401, 0.0394214,  
Z Velocity[A/fs],-0.00121187, 0.00366661, 0.115827, -0.0821015,  
Speed[A/fs],0.161648, 0.15622, 0.800609, 0.805227, 

C2H2_14r1, C[0], C[1], H[2], H[3], 
Densities, 1.902957530637365, 1.753135432640588, 0.00078561607281926, 8.01388635376314e-05, 
Time[fs], 64.500000, 62.500000, 26.500000, 26.500000, 
Density Sum, 3.65695871821431
X Velocity[A/fs], -0.153478, 0.163936, -0.79519, 0.801159,  
Y Velocity[A/fs],-0.00596373, 0.00297886, 0.00212931, -0.0813196,  
Z Velocity[A/fs],0.00535917, 0.00736751, 0.0877524, -0.131854,  
Speed[A/fs],0.153687, 0.164129, 0.80002, 0.815999, 

C2H2_14r47, C[0], C[1], H[2], H[3], 
Densities, 1.967772473012345, 1.631527274909928, 0.001266187577640741, 6.38274595743785e-05, 
Time[fs], 61.000000, 62.000000, 26.500000, 26.500000, 
Density Sum, 3.600629762959488
X Velocity[A/fs], -0.165892, 0.164091, -0.802743, 0.807995,  
Y Velocity[A/fs],0.00748568, -0.00315699, 0.117657, -0.105836,  
Z Velocity[A/fs],-0.00125387, 0.00349085, 0.0174475, 0.0745007,  
Speed[A/fs],0.166065, 0.164158, 0.811507, 0.818296, 

C2H2_14r143, C[0], C[1], H[2], H[3], 
Densities, 2.088126549237102, 1.585889510790714, 0.0007575897106781496, 4.000214420581747e-05, 
Time[fs], 64.000000, 63.500000, 26.500000, 26.500000, 
Density Sum, 3.6748136518827
X Velocity[A/fs], -0.156226, 0.159931, -0.792708, 0.809591,  
Y Velocity[A/fs],-0.00352583, -0.00736466, 0.0819596, -0.0566606,  
Z Velocity[A/fs],-0.00821434, 0.0108261, -0.0362461, -0.00173913,  
Speed[A/fs],0.156482, 0.160466, 0.797758, 0.811574, 

C2H2_14r99, C[0], C[1], H[2], H[3], 
Densities, 2.19477145660225, 1.44856031517225, 0.003773892298575764, 6.553359547013071e-05, 
Time[fs], 60.500000, 63.500000, 26.500000, 26.500000, 
Density Sum, 3.647171197668546
X Velocity[A/fs], -0.167291, 0.158356, -0.79344, 0.812455,  
Y Velocity[A/fs],-0.00368032, -0.00274465, -0.0811636, 0.0240723,  
Z Velocity[A/fs],-0.00228209, 0.00570921, 0.0727485, -0.0730524,  
Speed[A/fs],0.167347, 0.158483, 0.800891, 0.816087, 

C2H2_14r34, C[0], C[1], H[2], H[3], 
Densities, 1.890746776561628, 1.777164207024167, 0.001457093700910312, 9.133549768172507e-05, 
Time[fs], 63.500000, 61.000000, 26.500000, 26.500000, 
Density Sum, 3.669459412784387
X Velocity[A/fs], -0.160013, 0.167691, -0.801389, 0.794968,  
Y Velocity[A/fs],-0.00456263, -0.000163919, -0.00436374, 0.07788,  
Z Velocity[A/fs],0.00467875, 0.00230312, -0.0726892, 0.102451,  
Speed[A/fs],0.160146, 0.167707, 0.804691, 0.805317, 

C2H2_14r61, C[0], C[1], H[2], H[3], 
Densities, 2.163826772190237, 1.547924630207021, 0.00082062725154334, 9.750766869771738e-05, 
Time[fs], 64.000000, 64.000000, 26.500000, 26.500000, 
Density Sum, 3.712669537317499
X Velocity[A/fs], -0.156077, 0.15505, -0.783485, 0.807673,  
Y Velocity[A/fs],0.00199631, -0.00118851, -0.0552556, -0.0344335,  
Z Velocity[A/fs],0.0162392, 0.00287446, -0.10374, 0.0444583,  
Speed[A/fs],0.156932, 0.155081, 0.792253, 0.809628, 

C2H2_14r14, C[0], C[1], H[2], H[3], 
Densities, 2.195077046945833, 1.537070644744461, 0.000481929047763148, 3.312217153654449e-05, 
Time[fs], 65.000000, 65.000000, 26.500000, 26.500000, 
Density Sum, 3.732662742909594
X Velocity[A/fs], -0.152961, 0.15419, -0.78685, 0.805646,  
Y Velocity[A/fs],-0.00225523, -0.00613444, 0.00856601, 0.0635123,  
Z Velocity[A/fs],0.00718337, 0.00168426, -0.0763678, 0.0540564,  
Speed[A/fs],0.153146, 0.154321, 0.790594, 0.809951, 

C2H2_14r83, C[0], C[1], H[2], H[3], 
Densities, 1.634678450544106, 2.149708937330746, 0.0002742232366411654, 5.763523757266942e-05, 
Time[fs], 68.000000, 64.500000, 26.500000, 26.500000, 
Density Sum, 3.784719246349066
X Velocity[A/fs], -0.144902, 0.15355, -0.786492, 0.798912,  
Y Velocity[A/fs],0.00673931, -0.00694285, 0.0564363, -0.08617,  
Z Velocity[A/fs],0.00443232, -0.000132626, -0.0384549, 0.0609021,  
Speed[A/fs],0.145126, 0.153707, 0.789451, 0.80585, 

C2H2_14r166, C[0], C[1], H[2], H[3], 
Densities, 1.657684499725766, 1.961016373394045, 0.001716944585684832, 3.415905442211098e-05, 
Time[fs], 61.000000, 63.000000, 26.500000, 26.500000, 
Density Sum, 3.620451976759917
X Velocity[A/fs], -0.167422, 0.158451, -0.805181, 0.807806,  
Y Velocity[A/fs],-0.00450402, 0.00473776, 0.0847449, 0.0223708,  
Z Velocity[A/fs],0.00397534, -0.0023806, -0.0612228, -0.0411516,  
Speed[A/fs],0.16753, 0.15854, 0.81194, 0.809163, 

C2H2_14r183, C[0], C[1], H[2], H[3], 
Densities, 1.745073861516774, 1.942787678546609, 0.0009372603590255165, 8.260416774384508e-05, 
Time[fs], 63.000000, 64.500000, 26.500000, 26.500000, 
Density Sum, 3.688881404590152
X Velocity[A/fs], -0.159238, 0.156038, -0.792686, 0.800029,  
Y Velocity[A/fs],0.00570458, 0.00403472, 0.0339239, -0.0372934,  
Z Velocity[A/fs],0.0133549, -0.00173087, -0.114777, 0.0767088,  
Speed[A/fs],0.159899, 0.1561, 0.80167, 0.804562, 

C2H2_14r71, C[0], C[1], H[2], H[3], 
Densities, 1.62835609690744, 2.070887860081297, 0.001256602937367621, 6.702757824568503e-05, 
Time[fs], 64.500000, 64.000000, 26.500000, 26.500000, 
Density Sum, 3.70056758750435
X Velocity[A/fs], -0.155393, 0.157999, -0.804125, 0.798647,  
Y Velocity[A/fs],4.4187e-05, 0.00346236, 0.0220835, -0.0534738,  
Z Velocity[A/fs],-0.0054218, 0.00585396, -0.0496155, 0.0322168,  
Speed[A/fs],0.155487, 0.158145, 0.805957, 0.801084, 

C2H2_14r199, C[0], C[1], H[2], H[3], 
Densities, 1.890464099132702, 1.814939592968431, 0.001100047575636025, 0.0001018085343882355, 
Time[fs], 64.000000, 63.500000, 26.500000, 26.500000, 
Density Sum, 3.706605548211158
X Velocity[A/fs], -0.158433, 0.156986, -0.796678, 0.807409,  
Y Velocity[A/fs],0.00576312, -0.000475325, 0.0670687, 0.0533585,  
Z Velocity[A/fs],0.00113618, 0.000739725, 0.0428712, 0.054494,  
Speed[A/fs],0.158542, 0.156988, 0.800644, 0.811003, 

C2H2_14r37, C[0], C[1], H[2], H[3], 
Densities, 1.801604762698367, 1.881878725694407, 0.0006111135667242959, 4.711019292816838e-05, 
Time[fs], 64.000000, 63.500000, 26.500000, 26.500000, 
Density Sum, 3.684141712152426
X Velocity[A/fs], -0.155162, 0.158662, -0.794336, 0.805846,  
Y Velocity[A/fs],-0.00306512, -0.00342931, 0.0751955, -0.0785113,  
Z Velocity[A/fs],-0.00960764, 0.00417737, -0.0723915, -0.0525058,  
Speed[A/fs],0.155489, 0.158754, 0.801164, 0.811362, 

C2H2_14r173, C[0], C[1], H[2], H[3], 
Densities, 2.30456796723979, 1.357655515931303, 0.000865501729836837, 7.416293797652626e-05, 
Time[fs], 65.500000, 62.000000, 26.500000, 26.500000, 
Density Sum, 3.663163147838906
X Velocity[A/fs], -0.151004, 0.1624, -0.78347, 0.807903,  
Y Velocity[A/fs],0.000123156, 0.00264145, -0.077969, 0.102564,  
Z Velocity[A/fs],-0.00614671, -0.00347463, 0.0863405, -0.064386,  
Speed[A/fs],0.151129, 0.162458, 0.79206, 0.816929, 

