r49, C4H4[0][1][4][2][3][5][6][7], H[8], H[9], H[10], H[11], 
Densities, 18.06622780395875, 0.2071694844468678, 0.1879590628742611, 0.3385647230678056, 0.4487738499969081, 
Time[fs], 120.000000, 77.000000, 63.000000, 64.500000, 57.000000, 
Density Sum, 19.24869492434459
X Velocity[A/fs], -0.0040633, -0.250081, 0.229564, -0.178344, 0.282548,  
Y Velocity[A/fs],-0.00951763, 0.188106, 0.24986, -0.266483, -0.129532,  
Z Velocity[A/fs],0.00514697, -0.114216, 0.186131, 0.151653, -0.214678,  
Speed[A/fs],0.011558, 0.333122, 0.387007, 0.354709, 0.377755, 

r3, C4H5[0][1][2][8][3][5][6][7][11], H[4], H[9], H[10], 
Densities, 18.48722872247912, 0.3352668491599047, 0.2116881079557213, 0.3188789965561709, 
Time[fs], 120.000000, 75.500000, 68.500000, 53.500000, 
Density Sum, 19.35306267615091
X Velocity[A/fs], -0.00299716, -0.204754, 0.253053, -0.341383,  
Y Velocity[A/fs],0.00581415, 0.241779, 0.248257, -0.20591,  
Z Velocity[A/fs],-0.00702858, 0.0937807, 0.156906, 0.145319,  
Speed[A/fs],0.00960148, 0.330418, 0.387668, 0.424334, 

r22, C2H3[0][2][4][8][10], C2H4[1][3][5][9][7][11], H[6], 
Densities, 9.546503650975005, 10.06689538367482, 0.1716552477780765, 
Time[fs], 116.500000, 116.500000, 85.500000, 
Density Sum, 19.7850542824279
X Velocity[A/fs], -0.0196378, 0.026561, -0.288757,  
Y Velocity[A/fs],0.034586, 0.00156591, -0.071793,  
Z Velocity[A/fs],-0.00127796, 0.00431146, -0.245522,  
Speed[A/fs],0.0397928, 0.0269542, 0.385767, 

r40, C4H6[0][1][2][4][5][9][3][6][7][11], H[8], H[10], 
Densities, 19.06513360165344, 0.2549652108542256, 0.1001206776598929, 
Time[fs], 120.000000, 71.500000, 57.000000, 
Density Sum, 19.42021949016756
X Velocity[A/fs], 0.0227902, -0.0471147, -0.353738,  
Y Velocity[A/fs],-0.00084581, 0.275214, -0.10926,  
Z Velocity[A/fs],0.00941998, -0.23232, 0.219654,  
Speed[A/fs],0.0246748, 0.363229, 0.430484, 

r34, C4H5[0][1][2][3][4][5][6][7][11], H[8], H[9], H[10], 
Densities, 18.58333999868088, 0.07563258662670595, 0.2506129786282891, 0.5699255437563182, 
Time[fs], 120.000000, 64.000000, 70.000000, 107.000000, 
Density Sum, 19.4795111076922
X Velocity[A/fs], 0.00421298, -0.315579, 0.104583, -0.043668,  
Y Velocity[A/fs],-0.00837383, 0.0970536, 0.273589, -0.152055,  
Z Velocity[A/fs],-0.000919729, -0.2442, 0.189711, 0.184198,  
Speed[A/fs],0.00941893, 0.410662, 0.348968, 0.24281, 

r11, C2H4[0][1][4][8][5][9], C2H[2][3][11], H[6], H[7], H[10], 
Densities, 10.12036625625242, 7.906686323267748, 0.582740073564062, 0.2878290656653033, 0.8007985101016873, 
Time[fs], 120.000000, 120.000000, 120.000000, 120.000000, 120.000000, 
Density Sum, 19.69842022885122
X Velocity[A/fs], -0.018991, 0.00731649, -0.00671812, 0.143095, 0.0329562,  
Y Velocity[A/fs],0.0180646, -0.0338048, -0.026663, 0.0250223, -0.027066,  
Z Velocity[A/fs],-0.000908396, 0.00331614, 0.00551731, 0.16307, -0.0181593,  
Speed[A/fs],0.0262262, 0.0347461, 0.0280445, 0.21839, 0.0463512, 

r47, C4H6[0][1][2][3][4][5][9][6][10][7], H[8], H[11], 
Densities, 19.36603101135456, 0.1654482552911456, 0.08876529676509583, 
Time[fs], 120.000000, 120.000000, 61.000000, 
Density Sum, 19.6202445634108
X Velocity[A/fs], -0.00504815, -0.176095, 0.330332,  
Y Velocity[A/fs],0.000305645, -0.176863, -0.129652,  
Z Velocity[A/fs],-0.000879519, 0.0665522, -0.228953,  
Speed[A/fs],0.0051333, 0.258301, 0.422313, 

r63, C4H3[0][1][2][3][5][6][7], H[4], H[8], H[9], H[10], H[11], 
Densities, 16.93727533460738, 0.5509658062776831, 0.3504503086523324, 0.2895652677983066, 0.8644388980440026, 0.3590905915212109, 
Time[fs], 91.000000, 85.000000, 73.500000, 64.500000, 91.000000, 64.500000, 
Density Sum, 19.35178620690092
X Velocity[A/fs], -0.00446032, -0.17632, -0.159983, 0.222461, 0.0217615, 0.275577,  
Y Velocity[A/fs],-0.00958866, 0.0815475, 0.205012, 0.209161, 0.0392042, -0.0777063,  
Z Velocity[A/fs],-0.00515583, 0.107845, -0.149333, 0.233106, 0.0587517, -0.18478,  
Speed[A/fs],0.0117652, 0.222192, 0.299875, 0.384156, 0.0739073, 0.34077, 

r6, C4H4[0][1][2][3][4][5][6][7], H[8], H[9], H[10], H[11], 
Densities, 18.10890910228965, 0.3467759972441369, 0.4385522965190674, 0.1811743115782028, 0.350130411742219, 
Time[fs], 107.500000, 67.000000, 55.500000, 72.500000, 78.000000, 
Density Sum, 19.42554211937328
X Velocity[A/fs], -0.0100911, -0.202252, 0.300717, -0.224541, 0.16123,  
Y Velocity[A/fs],-4.5953e-07, 0.245265, 0.20586, -0.216795, -0.121875,  
Z Velocity[A/fs],-0.00203407, -0.00828386, 0.114194, 0.158976, -0.208484,  
Speed[A/fs],0.010294, 0.318008, 0.381903, 0.350275, 0.290369, 

r27, C4H7[0][1][4][8][3][5][9][2][6][7][11], H[10], 
Densities, 19.62643583506745, 0.04911596248432419, 
Time[fs], 120.000000, 116.500000, 
Density Sum, 19.67555179755178
X Velocity[A/fs], -0.00836534, 0.0584234,  
Y Velocity[A/fs],-0.000951937, -0.260129,  
Z Velocity[A/fs],-0.00193731, 0.259206,  
Speed[A/fs],0.00863934, 0.371844, 

r5, C2H[0][1][4], C2H3[2][3][6][7][11], H[5], H[8], H[9], H[10], 
Densities, 8.143237411292436, 9.918221206415634, 0.5839180489583746, 0.2009745354803576, 0.1656737388969971, 0.3382048533322037, 
Time[fs], 115.500000, 115.500000, 115.500000, 59.000000, 65.500000, 76.000000, 
Density Sum, 19.35022979437601
X Velocity[A/fs], 0.013367, -0.00411815, 0.0784046, -0.23643, 0.278315, -0.241403,  
Y Velocity[A/fs],0.0280769, -0.0128637, -0.034368, 0.285404, 0.214158, -0.168018,  
Z Velocity[A/fs],0.00435985, -0.0188742, 0.0974648, -0.175572, 0.167382, 0.106514,  
Speed[A/fs],0.0314006, 0.0232093, 0.129722, 0.410098, 0.389024, 0.312811, 

r39, C4H5[0][1][2][4][3][5][6][10][7], H[8], H[9], H[11], 
Densities, 18.63981197516719, 0.2601785364485471, 0.2944884584180268, 0.07912417538680201, 
Time[fs], 117.500000, 66.000000, 86.500000, 63.000000, 
Density Sum, 19.27360314542057
X Velocity[A/fs], 0.00345172, -0.15514, 0.184823, 0.282986,  
Y Velocity[A/fs],-0.0192616, 0.276999, 0.122887, -0.227849,  
Z Velocity[A/fs],0.00609428, -0.145352, 0.19455, -0.195801,  
Speed[A/fs],0.0204955, 0.349177, 0.295144, 0.412716, 

r35, C4H5[0][1][2][3][4][8][5][6][7], H[9], H[10], H[11], 
Densities, 18.67923251286215, 0.28942856968278, 0.2841916659825652, 0.268710455894475, 
Time[fs], 120.000000, 68.500000, 63.000000, 67.500000, 
Density Sum, 19.52156320442197
X Velocity[A/fs], 0.00853475, 0.153628, -0.208053, 0.279381,  
Y Velocity[A/fs],0.0048861, 0.252961, -0.253428, -0.150587,  
Z Velocity[A/fs],0.0004287, 0.18458, 0.159389, -0.152106,  
Speed[A/fs],0.00984377, 0.348799, 0.364577, 0.351946, 

r14, C4H4[0][1][2][3][4][5][6][7], H[8], H[9], H[10], H[11], 
Densities, 17.88407459962962, 0.4401416585142753, 0.6688822777973118, 0.3707469711175269, 0.09514272261297181, 
Time[fs], 104.500000, 61.500000, 83.000000, 78.000000, 60.500000, 
Density Sum, 19.45898822967171
X Velocity[A/fs], 0.00219655, -0.269754, 0.10844, -0.179242, 0.277606,  
Y Velocity[A/fs],0.0051264, 0.160505, 0.196577, -0.142939, -0.258778,  
Z Velocity[A/fs],-0.00798491, -0.188154, -0.0289015, 0.2007, -0.128877,  
Speed[A/fs],0.00973979, 0.365966, 0.226356, 0.304696, 0.400799, 

r29, C2H4[0][2][4][8][6][10], C2H3[1][3][5][7][11], H[9], 
Densities, 10.13694696728452, 9.450300045946442, 0.1263451896769853, 
Time[fs], 120.000000, 120.000000, 120.000000, 
Density Sum, 19.71359220290795
X Velocity[A/fs], -0.0398886, 0.0278727, 0.0327439,  
Y Velocity[A/fs],0.0169697, -0.00122649, 0.138821,  
Z Velocity[A/fs],-0.00749656, 0.00515723, 0.246797,  
Speed[A/fs],0.0439917, 0.0283723, 0.285048, 

r64, C4H6[0][1][2][3][4][5][6][10][7][11], H[8], H[9], 
Densities, 18.94402156070899, 0.1703825910295684, 0.4309152980954996, 
Time[fs], 120.000000, 61.500000, 62.500000, 
Density Sum, 19.54531944983406
X Velocity[A/fs], -0.00478297, -0.252708, 0.267343,  
Y Velocity[A/fs],-0.011709, 0.259846, 0.224413,  
Z Velocity[A/fs],-0.00102034, -0.225143, 0.158192,  
Speed[A/fs],0.0126893, 0.426698, 0.38322, 

r2, C4H4[0][1][2][3][4][6][7][11], H[5], H[8], H[9], H[10], 
Densities, 17.80681430261424, 0.7736488572581321, 0.4396141858511026, 0.3026009561313288, 0.1833119122877255, 
Time[fs], 109.000000, 109.000000, 80.000000, 73.500000, 54.000000, 
Density Sum, 19.50599021414252
X Velocity[A/fs], -0.00525865, -0.00784867, -0.154292, 0.226518, -0.345847,  
Y Velocity[A/fs],-0.00394464, -0.0492184, 0.129353, 0.20728, -0.18746,  
Z Velocity[A/fs],-0.00119944, 0.056586, -0.21464, 0.126494, 0.162137,  
Speed[A/fs],0.00668223, 0.0754058, 0.294294, 0.332079, 0.425488, 

r41, C4H4[0][1][2][3][4][5][6][7], H[8], H[9], H[10], H[11], 
Densities, 17.86865626742945, 0.3910838574030378, 0.3315826259048639, 0.2606374470011446, 0.4599235114528126, 
Time[fs], 95.500000, 70.500000, 65.000000, 69.000000, 58.500000, 
Density Sum, 19.31188370919131
X Velocity[A/fs], 0.0103191, -0.158238, 0.23131, -0.195846, 0.284582,  
Y Velocity[A/fs],-0.00125956, 0.205236, 0.193372, -0.25117, -0.131061,  
Z Velocity[A/fs],0.00781842, -0.17234, 0.226673, 0.0947675, -0.176904,  
Speed[A/fs],0.0130076, 0.311227, 0.377197, 0.332299, 0.359804, 

r19, C4H4[0][1][2][3][4][5][6][7], H[8], H[9], H[10], H[11], 
Densities, 18.01310219124727, 0.2692219097640358, 0.2459615902613246, 0.4282547263865698, 0.3553179114919304, 
Time[fs], 105.000000, 63.000000, 63.000000, 73.500000, 55.000000, 
Density Sum, 19.31185832915112
X Velocity[A/fs], -0.00118397, -0.280051, 0.156312, -0.102873, 0.315006,  
Y Velocity[A/fs],0.0131616, 0.134087, 0.251277, -0.234717, -0.146349,  
Z Velocity[A/fs],-0.00281393, -0.197703, 0.199011, 0.0980601, -0.174072,  
Speed[A/fs],0.0135111, 0.368095, 0.356622, 0.274391, 0.38852, 

r8, C4H6[0][1][4][3][5][9][2][6][10][7], H[8], H[11], 
Densities, 19.26051304430142, 0.09412869503067424, 0.0963759234907868, 
Time[fs], 98.500000, 63.500000, 69.000000, 
Density Sum, 19.45101766282288
X Velocity[A/fs], -0.00277442, -0.294181, 0.263596,  
Y Velocity[A/fs],-0.0125297, 0.121163, -0.145841,  
Z Velocity[A/fs],0.00152247, -0.186367, -0.223092,  
Speed[A/fs],0.0129232, 0.368722, 0.374863, 

r17, C4H6[0][1][2][4][8][3][5][6][10][7], H[9], H[11], 
Densities, 19.23981566268918, 0.3007860719490305, 0.1235123984578975, 
Time[fs], 120.000000, 120.000000, 93.500000, 
Density Sum, 19.66411413309611
X Velocity[A/fs], 0.000402676, 0.0842824, 0.284684,  
Y Velocity[A/fs],-0.00925135, -0.0673244, -0.183012,  
Z Velocity[A/fs],-0.00326274, 0.244069, -0.231675,  
Speed[A/fs],0.0098181, 0.266844, 0.410136, 

r31, C4H5[0][1][2][4][3][5][9][10][7], H[6], H[8], H[11], 
Densities, 18.50116529474537, 0.503021496485162, 0.1448656371837812, 0.1009234865343783, 
Time[fs], 120.000000, 115.500000, 106.000000, 56.500000, 
Density Sum, 19.24997591494868
X Velocity[A/fs], -0.00446798, 0.0164527, -0.283698, 0.37843,  
Y Velocity[A/fs],0.0109142, -0.197533, 0.131287, -0.1069,  
Z Velocity[A/fs],0.000660307, -0.111913, -0.125339, -0.21049,  
Speed[A/fs],0.0118118, 0.227628, 0.336795, 0.44603, 

r56, C4H3[0][1][2][3][5][6][7], H[4], H[8], H[9], H[10], H[11], 
Densities, 17.04418923382645, 0.3444594103431637, 0.5561729537527567, 0.2559180464561714, 0.2909414111052091, 0.5780987662793402, 
Time[fs], 120.000000, 70.000000, 57.500000, 52.500000, 60.000000, 57.000000, 
Density Sum, 19.06977982176309
X Velocity[A/fs], -0.00101945, -0.246743, -0.26834, 0.158275, -0.256791, 0.310966,  
Y Velocity[A/fs],0.00514511, 0.164902, 0.134474, 0.328239, -0.289204, -0.165561,  
Z Velocity[A/fs],-0.00386712, 0.117627, -0.232988, 0.188411, 0.0880276, -0.0441482,  
Speed[A/fs],0.0065166, 0.319235, 0.379964, 0.410232, 0.396648, 0.355048, 

r65, C4H5[0][1][2][4][5][3][6][7][11], H[8], H[9], H[10], 
Densities, 18.4962798243209, 0.3411441909714882, 0.2315911587795011, 0.2476971934342291, 
Time[fs], 120.000000, 60.500000, 61.000000, 63.500000, 
Density Sum, 19.31671236750612
X Velocity[A/fs], 0.00993417, -0.289884, 0.249612, -0.221845,  
Y Velocity[A/fs],-0.000243402, 0.179302, 0.271589, -0.249216,  
Z Velocity[A/fs],0.00335971, -0.152746, 0.121911, 0.194518,  
Speed[A/fs],0.0104897, 0.373515, 0.388496, 0.386214, 

r4, C4H5[0][1][2][3][4][5][6][10][7], H[8], H[9], H[11], 
Densities, 18.58070538360877, 0.3795554847296658, 0.1368777077657543, 0.3463252550060952, 
Time[fs], 120.000000, 87.000000, 65.500000, 79.000000, 
Density Sum, 19.44346383111029
X Velocity[A/fs], -0.00132621, -0.220754, 0.255463, 0.225317,  
Y Velocity[A/fs],-0.0230849, 0.142418, 0.274665, -0.202305,  
Z Velocity[A/fs],-0.004809, -0.133733, 0.135802, -0.144419,  
Speed[A/fs],0.0236177, 0.294787, 0.398929, 0.335488, 

r1, C4H5[0][1][2][3][4][5][9][6][7], H[8], H[10], H[11], 
Densities, 18.56480794401195, 0.1257750866470578, 0.4407627180007372, 0.2276424617692628, 
Time[fs], 100.000000, 50.000000, 83.500000, 58.500000, 
Density Sum, 19.358988210429
X Velocity[A/fs], 0.00183163, -0.376923, -0.0882723, 0.311085,  
Y Velocity[A/fs],-0.00645438, 0.0868304, -0.171979, -0.118886,  
Z Velocity[A/fs],-0.00670476, -0.184949, 0.1974, -0.203826,  
Speed[A/fs],0.00948513, 0.428739, 0.276289, 0.390452, 

r37, C4H6[0][1][2][8][3][5][9][6][10][7], H[4], H[11], 
Densities, 19.22687290818136, 0.03239435203796397, 0.2216324558009077, 
Time[fs], 120.000000, 68.500000, 94.000000, 
Density Sum, 19.48089971602024
X Velocity[A/fs], -0.00829574, -0.327858, 0.303755,  
Y Velocity[A/fs],-0.0049857, 0.192444, -0.0852522,  
Z Velocity[A/fs],0.00319692, 0.153872, -0.124833,  
Speed[A/fs],0.010193, 0.410124, 0.339291, 

r52, C4H6[0][1][2][4][8][3][5][6][10][7], H[9], H[11], 
Densities, 19.25302787441387, 0.1562422723919297, 0.1935210268762793, 
Time[fs], 98.000000, 70.000000, 74.500000, 
Density Sum, 19.60279117368208
X Velocity[A/fs], -0.00466346, 0.277681, 0.140624,  
Y Velocity[A/fs],-0.00138276, 0.17017, -0.186521,  
Z Velocity[A/fs],-0.0152156, 0.184593, -0.249357,  
Speed[A/fs],0.0159742, 0.374352, 0.341678, 

r33, C4H4[0][1][2][4][3][5][6][7], H[8], H[9], H[10], H[11], 
Densities, 17.94305398761568, 0.4517687045015544, 0.2826964885033431, 0.3523809874749051, 0.2259457363104109, 
Time[fs], 120.000000, 67.000000, 69.500000, 67.500000, 63.500000, 
Density Sum, 19.25584590440589
X Velocity[A/fs], -0.0078629, -0.248232, 0.231901, -0.222328, 0.258092,  
Y Velocity[A/fs],-0.00659816, 0.180457, 0.18179, -0.218112, -0.207647,  
Z Velocity[A/fs],0.00312218, -0.131753, 0.185988, 0.18671, -0.216632,  
Speed[A/fs],0.0107289, 0.33398, 0.348449, 0.36313, 0.395801, 

r18, C4H5[0][1][2][3][4][5][6][7][11], H[8], H[9], H[10], 
Densities, 18.93430733995169, 0.2764804248510588, 0.08493414709772207, 0.2319432106893218, 
Time[fs], 120.000000, 84.500000, 73.000000, 71.000000, 
Density Sum, 19.5276651225898
X Velocity[A/fs], -0.000358059, -0.247937, 0.221201, -0.134771,  
Y Velocity[A/fs],-0.0107497, 0.131483, 0.268124, -0.305578,  
Z Velocity[A/fs],-0.0130777, -0.0935146, 0.118525, 0.0964618,  
Speed[A/fs],0.0169325, 0.295814, 0.367245, 0.347629, 

r46, C4H5[0][1][2][3][4][5][6][10][7], H[8], H[9], H[11], 
Densities, 18.7334740299879, 0.2707609865208427, 0.2670712394162551, 0.1933257148577707, 
Time[fs], 94.500000, 69.000000, 68.000000, 69.000000, 
Density Sum, 19.46463197078277
X Velocity[A/fs], -0.00778213, -0.225371, 0.196673, 0.232111,  
Y Velocity[A/fs],-0.0151468, 0.199017, 0.160379, -0.213505,  
Z Velocity[A/fs],0.000211328, -0.166978, 0.22829, -0.136517,  
Speed[A/fs],0.0170303, 0.34392, 0.341347, 0.343652, 

r44, C4H4[0][1][2][4][3][5][6][7], H[8], H[9], H[10], H[11], 
Densities, 17.68840876183853, 0.484436493773588, 0.333287448280497, 0.538228226185265, 0.2236589576796774, 
Time[fs], 106.500000, 58.500000, 72.500000, 65.500000, 54.000000, 
Density Sum, 19.26801988775756
X Velocity[A/fs], -0.00532885, -0.271959, 0.207364, -0.19305, 0.329732,  
Y Velocity[A/fs],-0.000871932, 0.192769, 0.194973, -0.245732, -0.168653,  
Z Velocity[A/fs],0.000366091, -0.144164, 0.203154, 0.018761, -0.215934,  
Speed[A/fs],0.00541211, 0.363187, 0.349694, 0.313056, 0.428713, 

r38, C4H4[0][1][2][3][4][5][6][7], H[8], H[9], H[10], H[11], 
Densities, 18.02632654319782, 0.0908182908276525, 0.227917733075583, 0.7002507704236399, 0.3890734483289046, 
Time[fs], 103.500000, 73.000000, 69.500000, 103.500000, 78.000000, 
Density Sum, 19.4343867858536
X Velocity[A/fs], 0.000152415, -0.196518, 0.277391, -0.0156055, 0.133685,  
Y Velocity[A/fs],0.0162088, 0.287873, 0.152475, 0.0261402, -0.168505,  
Z Velocity[A/fs],0.00277886, -0.0413479, 0.190963, 0.0292822, -0.225287,  
Speed[A/fs],0.016446, 0.350999, 0.369677, 0.0422408, 0.31148, 

r12, C4H7[0][1][2][4][3][5][9][6][10][7][11], H[8], 
Densities, 19.6648817889416, 0.03040908103460287, 
Time[fs], 120.000000, 89.000000, 
Density Sum, 19.6952908699762
X Velocity[A/fs], -0.000744404, -0.23128,  
Y Velocity[A/fs],0.00674501, 0.301713,  
Z Velocity[A/fs],0.00014922, -0.195184,  
Speed[A/fs],0.00678761, 0.427338, 

r48, C4H4[0][1][2][3][4][5][6][7], H[8], H[9], H[10], H[11], 
Densities, 18.18861374425346, 0.4121418923126344, 0.1742687487892945, 0.1664933113855605, 0.429879070898894, 
Time[fs], 105.000000, 81.000000, 68.500000, 66.000000, 77.000000, 
Density Sum, 19.37139676763984
X Velocity[A/fs], -0.0140434, -0.172656, 0.250995, -0.247388, 0.149403,  
Y Velocity[A/fs],-0.00383686, 0.194215, 0.188041, -0.216724, -0.126442,  
Z Velocity[A/fs],0.00505542, -0.0688895, 0.193341, 0.184735, -0.205578,  
Speed[A/fs],0.0154109, 0.26884, 0.368427, 0.377223, 0.283851, 

r57, C4H4[0][1][2][3][8][5][6][7], H[4], H[9], H[10], H[11], 
Densities, 18.23781175035545, 0.382248095385424, 0.4050349177231428, 0.2444010592278903, 0.2402244418203447, 
Time[fs], 114.000000, 67.500000, 74.000000, 65.000000, 71.500000, 
Density Sum, 19.50972026451225
X Velocity[A/fs], 0.0224976, -0.27705, 0.153595, -0.133583, 0.252653,  
Y Velocity[A/fs],0.00602221, 0.157889, 0.210784, -0.273555, -0.109181,  
Z Velocity[A/fs],-0.000997525, 0.0710159, 0.185161, 0.171106, -0.194686,  
Speed[A/fs],0.023311, 0.326694, 0.319853, 0.349219, 0.33713, 

r7, C4H4[0][1][2][3][4][5][6][7], H[8], H[9], H[10], H[11], 
Densities, 18.10078349978011, 0.4521911721519442, 0.3157162914975278, 0.2582422383537471, 0.2737479801292381, 
Time[fs], 102.000000, 62.000000, 62.000000, 75.500000, 63.000000, 
Density Sum, 19.40068118191257
X Velocity[A/fs], -0.00433618, -0.241576, 0.207631, -0.210786, 0.284921,  
Y Velocity[A/fs],-0.00246376, 0.162883, 0.266059, -0.213409, -0.2104,  
Z Velocity[A/fs],-0.000268327, -0.192799, 0.0568269, 0.0759586, 0.0401966,  
Speed[A/fs],0.00499445, 0.349373, 0.342238, 0.309425, 0.35646, 

r9, C4H6[0][1][2][4][8][3][5][9][6][7], H[10], H[11], 
Densities, 19.32424496268739, 0.1002267397481106, 0.05670931932145248, 
Time[fs], 98.500000, 79.500000, 66.000000, 
Density Sum, 19.48118102175695
X Velocity[A/fs], 0.00367244, -0.0607356, 0.307699,  
Y Velocity[A/fs],0.012951, -0.257262, -0.0918503,  
Z Velocity[A/fs],-0.00579866, 0.192396, -0.239911,  
Speed[A/fs],0.0146574, 0.326939, 0.40084, 

r15, C2H3[0][2][4][6][10], C2H2[1][3][5][7], H[8], H[9], H[11], 
Densities, 9.7548331170407, 8.859780874148388, 0.4308469211606379, 0.118388797664813, 0.2157972374496375, 
Time[fs], 120.000000, 120.000000, 88.500000, 58.000000, 77.500000, 
Density Sum, 19.37964694746418
X Velocity[A/fs], -0.0408924, 0.0212932, -0.121202, 0.334586, 0.138065,  
Y Velocity[A/fs],0.000465737, 0.000128367, 0.244592, 0.175488, -0.247265,  
Z Velocity[A/fs],-0.00303927, -0.00356653, -0.0264664, 0.181211, -0.184368,  
Speed[A/fs],0.0410079, 0.0215902, 0.274254, 0.419024, 0.337926, 

r26, C4H4[0][1][2][3][4][5][6][7], H[8], H[9], H[10], H[11], 
Densities, 17.91039469450838, 0.4270255033777374, 0.4376868622392354, 0.09935544188619642, 0.3988777872912473, 
Time[fs], 120.000000, 73.000000, 60.500000, 64.500000, 58.500000, 
Density Sum, 19.27334028930279
X Velocity[A/fs], -0.0020585, -0.222834, 0.275108, -0.267394, 0.285908,  
Y Velocity[A/fs],0.000227525, 0.226704, 0.155364, -0.269831, -0.217993,  
Z Velocity[A/fs],0.00446093, -0.0093736, 0.177734, -0.0201541, -0.152136,  
Speed[A/fs],0.00491824, 0.318022, 0.362507, 0.380414, 0.390397, 

r30, C4H7[0][1][2][3][4][8][5][9][6][7][11], H[10], 
Densities, 19.71081957568358, 0.02498303983943475, 
Time[fs], 120.000000, 87.000000, 
Density Sum, 19.73580261552301
X Velocity[A/fs], 0.00373343, -0.161128,  
Y Velocity[A/fs],0.00869704, -0.284389,  
Z Velocity[A/fs],0.00337029, 0.255994,  
Speed[A/fs],0.0100467, 0.415177, 

r45, C4H4[0][1][2][3][4][5][7][11], H[6], H[8], H[9], H[10], 
Densities, 17.68966738024681, 0.8125366668690516, 0.2958270325295383, 0.1007739171463831, 0.5292441963096521, 
Time[fs], 86.500000, 86.500000, 60.500000, 61.500000, 72.500000, 
Density Sum, 19.42804919310143
X Velocity[A/fs], 0.00101898, 0.0347038, -0.275416, 0.0776512, -0.101991,  
Y Velocity[A/fs],-9.53025e-05, 0.0359552, 0.0858666, 0.302731, -0.214296,  
Z Velocity[A/fs],0.00724005, -0.00288116, -0.248275, 0.188723, 0.127935,  
Speed[A/fs],0.00731202, 0.0500543, 0.380615, 0.365092, 0.269615, 

r43, C4H4[0][1][2][3][9][6][10][7], H[4], H[5], H[8], H[11], 
Densities, 17.96328207162128, 0.1455580906986919, 0.8899399511294083, 0.3438337637828175, 0.1058219929436441, 
Time[fs], 120.000000, 68.000000, 120.000000, 120.000000, 74.500000, 
Density Sum, 19.44843587017584
X Velocity[A/fs], 0.00247867, -0.291809, 0.074863, -0.126379, 0.292688,  
Y Velocity[A/fs],0.00827527, 0.19098, -0.00353589, 0.0154435, -0.174529,  
Z Velocity[A/fs],0.00879411, 0.170685, 0.0228298, 0.00403195, -0.163164,  
Speed[A/fs],0.0123272, 0.388277, 0.0783464, 0.127383, 0.377822, 

r55, C4H5[0][1][2][3][4][8][5][6][7], H[9], H[10], H[11], 
Densities, 18.86311101557604, 0.0877938846826746, 0.1014367151291232, 0.5035547919444627, 
Time[fs], 120.000000, 67.500000, 69.000000, 96.500000, 
Density Sum, 19.5558964073323
X Velocity[A/fs], 0.00469295, 0.190053, -0.168265, 0.174494,  
Y Velocity[A/fs],0.0148307, 0.266554, -0.268669, -0.0337069,  
Z Velocity[A/fs],-0.00333258, 0.197515, 0.164553, -0.151608,  
Speed[A/fs],0.0159084, 0.38234, 0.357175, 0.233601, 

r23, C4H6[0][1][2][4][8][5][9][3][10][11], H[6], H[7], 
Densities, 18.87310303386522, 0.06938317591816663, 0.6855144476450635, 
Time[fs], 120.000000, 100.500000, 120.000000, 
Density Sum, 19.62800065742844
X Velocity[A/fs], -0.0118063, -0.139568, -0.0631487,  
Y Velocity[A/fs],0.00515685, -0.342391, 0.00244648,  
Z Velocity[A/fs],0.00773008, -0.188695, -0.041573,  
Speed[A/fs],0.0150245, 0.41511, 0.0756442, 

r36, C4H4[0][1][2][3][4][5][6][7], H[8], H[9], H[10], H[11], 
Densities, 18.068842394436, 0.3498431767587878, 0.1445874981543988, 0.443526429201742, 0.501457190314289, 
Time[fs], 98.000000, 83.500000, 68.000000, 84.000000, 76.500000, 
Density Sum, 19.50825668886522
X Velocity[A/fs], -0.00963516, -0.182013, 0.238611, -0.178163, 0.105022,  
Y Velocity[A/fs],-0.00229917, 0.147937, 0.164395, -0.144844, -0.198433,  
Z Velocity[A/fs],0.000859024, -0.176507, 0.225148, 0.162206, -0.151451,  
Speed[A/fs],0.00994285, 0.293546, 0.366951, 0.281128, 0.270819, 

r60, C4H4[0][1][2][3][4][5][6][7], H[8], H[9], H[10], H[11], 
Densities, 18.10457788457899, 0.3770704047649867, 0.3593722234395491, 0.3496972565457809, 0.2634828626900054, 
Time[fs], 92.500000, 92.500000, 88.500000, 65.500000, 65.000000, 
Density Sum, 19.45420063201932
X Velocity[A/fs], 0.00535392, -0.0960166, 0.179017, -0.263046, 0.213725,  
Y Velocity[A/fs],0.015386, 0.0905376, 0.124338, -0.131955, -0.220416,  
Z Velocity[A/fs],0.00251055, -0.183022, 0.167824, 0.18259, -0.21714,  
Speed[A/fs],0.0164832, 0.225639, 0.275086, 0.34633, 0.376047, 

r50, C4H4[0][1][2][3][4][5][6][7], H[8], H[9], H[10], H[11], 
Densities, 17.7697543926933, 0.3620060848690834, 0.3335046640572553, 0.3438588976179379, 0.3789208353911609, 
Time[fs], 99.000000, 69.500000, 53.500000, 57.500000, 67.000000, 
Density Sum, 19.18804487462874
X Velocity[A/fs], -0.00168271, -0.155755, 0.307879, -0.284609, 0.170521,  
Y Velocity[A/fs],0.0136028, 0.205004, 0.158439, -0.163452, -0.212538,  
Z Velocity[A/fs],0.00190575, -0.212028, 0.226589, 0.207371, -0.195243,  
Speed[A/fs],0.0138383, 0.33353, 0.413805, 0.388228, 0.335215, 

r61, C4H4[0][1][2][4][3][5][10][7], H[6], H[8], H[9], H[11], 
Densities, 17.79260982505255, 0.7251887553228258, 0.2884641096731602, 0.4185057017124898, 0.1600387213625879, 
Time[fs], 107.500000, 107.500000, 72.000000, 77.500000, 61.000000, 
Density Sum, 19.38480711312361
X Velocity[A/fs], 0.00708504, 0.00252716, -0.209729, 0.16228, 0.29975,  
Y Velocity[A/fs],-0.00861603, -0.0430618, 0.228662, 0.16052, -0.193873,  
Z Velocity[A/fs],0.000265609, -0.012251, -0.148673, 0.204466, -0.20689,  
Speed[A/fs],0.0111582, 0.0448419, 0.344058, 0.306444, 0.412602, 

r51, C4H3[0][1][2][3][5][6][7], H[4], H[8], H[9], H[10], H[11], 
Densities, 17.34846491951567, 0.6536417204978372, 0.3926605320701966, 0.3514462068758407, 0.2792273516417639, 0.3347873808526264, 
Time[fs], 113.000000, 104.000000, 77.500000, 62.000000, 63.500000, 70.500000, 
Density Sum, 19.36022811145394
X Velocity[A/fs], -0.002151, -0.126915, -0.191106, 0.191818, -0.197529, 0.266872,  
Y Velocity[A/fs],0.00306427, 0.0669301, 0.178709, 0.252784, -0.287411, -0.119618,  
Z Velocity[A/fs],0.00334966, 0.0731042, -0.180714, 0.194238, -0.00995612, -0.0449316,  
Speed[A/fs],0.00502362, 0.161032, 0.317987, 0.372052, 0.348886, 0.295885, 

r58, C4H3[0][1][2][3][5][6][7], H[4], H[8], H[9], H[10], H[11], 
Densities, 17.31540105823672, 0.489348217144332, 0.4590793468078297, 0.2230732224498157, 0.2440377020877069, 0.4471079809003917, 
Time[fs], 96.000000, 96.000000, 59.500000, 65.500000, 79.000000, 52.500000, 
Density Sum, 19.17804752762679
X Velocity[A/fs], 0.000578979, -0.125868, -0.207235, 0.250696, -0.217046, 0.31102,  
Y Velocity[A/fs],0.00671835, 0.11927, 0.252743, 0.168232, -0.213681, -0.184507,  
Z Velocity[A/fs],0.000927563, 0.0411817, -0.144874, 0.228129, -0.0176356, -0.180873,  
Speed[A/fs],0.00680675, 0.178225, 0.357511, 0.378409, 0.30509, 0.404341, 

r59, C4H[0][1][2][5][3], H[4], H[6], H[7], H[8], H[9], H[10], H[11], 
Densities, 15.59329746392556, 0.3024384392437374, 0.8672068980791345, 0.5386975975765086, 0.42822021700215, 0.373344349805085, 0.6614058456156238, 0.4377861288435145, 
Time[fs], 92.500000, 69.500000, 92.500000, 86.000000, 65.500000, 58.000000, 64.500000, 66.000000, 
Density Sum, 19.20239694009131
X Velocity[A/fs], 0.0133618, -0.238872, -0.0340258, 0.0647379, -0.21015, 0.213893, -0.217629, 0.269426,  
Y Velocity[A/fs],0.0143623, 0.147045, 0.0142001, -0.0890946, 0.173067, 0.267001, -0.194222, -0.118135,  
Z Velocity[A/fs],-0.00814114, 0.132304, -0.0181602, 0.162735, -0.222236, 0.162484, 0.0140274, -0.0595259,  
Speed[A/fs],0.0212389, 0.31014, 0.0410998, 0.196498, 0.351431, 0.378736, 0.29203, 0.300149, 

r21, C4H4[0][1][2][4][5][9][3][7], H[6], H[8], H[10], H[11], 
Densities, 17.97937498500356, 0.5952604479042234, 0.2735608265474104, 0.4482411635287064, 0.1231496261432766, 
Time[fs], 105.500000, 105.500000, 58.500000, 62.000000, 66.000000, 
Density Sum, 19.41958704912718
X Velocity[A/fs], -0.00599892, -0.0839365, -0.301783, -0.251745, 0.302408,  
Y Velocity[A/fs],0.00435372, -0.0257386, 0.155097, -0.204947, -0.18582,  
Z Velocity[A/fs],0.00941821, 0.0522336, -0.19106, 0.12833, -0.00186898,  
Speed[A/fs],0.0119852, 0.102157, 0.389399, 0.349067, 0.354941, 

r62, C4H6[0][1][2][3][4][5][6][10][7][11], H[8], H[9], 
Densities, 19.17790443556175, 0.175464512398094, 0.2964268547847047, 
Time[fs], 97.500000, 74.000000, 83.500000, 
Density Sum, 19.64979580274455
X Velocity[A/fs], -0.00455776, -0.196823, 0.190484,  
Y Velocity[A/fs],-0.00992024, 0.189223, 0.187786,  
Z Velocity[A/fs],-0.0109146, -0.242167, 0.170134,  
Speed[A/fs],0.0154374, 0.364951, 0.317007, 

r28, C4H4[0][1][2][3][4][5][6][7], H[8], H[9], H[10], H[11], 
Densities, 18.03935066121595, 0.106763688156057, 0.3030826606650869, 0.3100224118752155, 0.6613607594797021, 
Time[fs], 94.500000, 68.000000, 80.500000, 65.000000, 94.500000, 
Density Sum, 19.42058018139201
X Velocity[A/fs], -0.00134784, -0.239343, 0.181857, -0.16809, 0.0774057,  
Y Velocity[A/fs],-0.00581584, 0.169166, 0.144964, -0.243082, -0.0246246,  
Z Velocity[A/fs],0.00425462, -0.231001, 0.186295, 0.172689, -0.137878,  
Speed[A/fs],0.00733093, 0.37318, 0.297981, 0.342293, 0.160026, 

r54, C4H6[0][1][2][4][8][3][5][6][7][11], H[9], H[10], 
Densities, 19.39825457103968, 0.03714600669767756, 0.1775143550927179, 
Time[fs], 120.000000, 85.000000, 90.500000, 
Density Sum, 19.61291493283008
X Velocity[A/fs], -0.00574769, 0.188551, -0.209586,  
Y Velocity[A/fs],-0.0090922, 0.245461, -0.230311,  
Z Velocity[A/fs],0.000673073, 0.239141, 0.178386,  
Speed[A/fs],0.0107776, 0.391141, 0.358875, 

