C3H8_7_5r44, C3[0][1][2], H[3], H[4], H[5], H[6], H[7], H[8], H[9], H[10], 
Densities, 11.04343218012747, 0.2696960647980838, 0.657462074789153, 0.4154351486790702, 0.3733814479976608, 0.4382374052082046, 0.4375648560617068, 0.5733278153264585, 0.5232669222648093, 
Time[fs], 120.000000, 55.000000, 76.000000, 65.000000, 62.000000, 65.500000, 66.500000, 34.500000, 33.000000, 
Density Sum, 14.73180391525262
X Velocity[A/fs], 0.0193637, 0.0161924, 0.00732159, 0.225134, -0.243409, 0.206251, -0.193166, 0.501667, -0.524088,  
Y Velocity[A/fs],-0.00102915, 0.258857, -0.115039, 0.169928, 0.191628, -0.184475, -0.175311, -0.0338675, -0.0891736,  
Z Velocity[A/fs],0.0109005, -0.301827, -0.182304, 0.069394, 0.0571635, 0.143692, 0.171078, -0.14968, -0.111211,  
Speed[A/fs],0.0222449, 0.397956, 0.21569, 0.290476, 0.315019, 0.311798, 0.311953, 0.524615, 0.543128, 

C3H8_7_5r3, C2[0][2], CH[1][5], H[3], H[4], H[6], H[7], H[8], H[9], H[10], 
Densities, 7.437128087863759, 4.437295793680583, 0.3690191583671014, 0.3457528510163403, 0.193329201791699, 0.4626797803035612, 0.4395836423267211, 0.4142722489052178, 0.5182302954501429, 
Time[fs], 90.500000, 90.500000, 64.000000, 62.500000, 56.000000, 64.500000, 67.500000, 32.500000, 33.000000, 
Density Sum, 14.61729105970513
X Velocity[A/fs], 0.0173635, 0.00230994, -0.00958734, 0.00707946, -0.158768, 0.228588, -0.198583, 0.525684, -0.516188,  
Y Velocity[A/fs],-0.00661465, 0.00229128, 0.222332, -0.142192, 0.261022, -0.0902347, -0.102499, 0.0427004, 0.0911912,  
Z Velocity[A/fs],0.0218019, -0.0102771, -0.206213, -0.247317, 0.233408, 0.0799169, 0.0328076, -0.160736, -0.0842022,  
Speed[A/fs],0.0286455, 0.0107799, 0.303393, 0.285367, 0.384472, 0.258421, 0.225871, 0.551365, 0.530901, 

C3H8_7_5r20, C3[0][1][2], H[3], H[4], H[5], H[6], H[7], H[8], H[9], H[10], 
Densities, 11.17631933051897, 0.449774244243709, 0.4288791010596862, 0.3116568189860212, 0.3766582249385459, 0.3452127034886044, 0.5472127579534209, 0.6119355533529789, 0.5852249979903988, 
Time[fs], 86.000000, 56.000000, 58.500000, 52.500000, 61.500000, 57.500000, 79.500000, 35.000000, 34.000000, 
Density Sum, 14.83287373253233
X Velocity[A/fs], -0.00329613, 0.0044605, 0.0103266, 0.255092, -0.217374, 0.178154, -0.127322, 0.440615, -0.470651,  
Y Velocity[A/fs],-0.00307037, 0.171816, -0.245068, 0.267674, 0.176479, -0.142475, -0.0516924, -0.15923, -0.066938,  
Z Velocity[A/fs],0.00391698, -0.262989, -0.176751, 0.112199, 0.0643502, 0.248641, 0.0686708, -0.113342, -0.114365,  
Speed[A/fs],0.00596945, 0.314171, 0.302334, 0.386406, 0.287293, 0.337432, 0.153619, 0.482019, 0.48895, 

C3H8_7_5r4, C3[0][1][2], H[3], H[4], H[5], H[6], H[7], H[8], H[9], H[10], 
Densities, 11.15007493912254, 0.5117299496137646, 0.3412627656500346, 0.3796708088896225, 0.4556171095811679, 0.3091991353476854, 0.3656717411272837, 0.5042521401154099, 0.6879534667376691, 
Time[fs], 76.500000, 55.000000, 53.000000, 52.500000, 66.500000, 51.500000, 60.000000, 34.500000, 34.000000, 
Density Sum, 14.70543205618517
X Velocity[A/fs], -0.00280213, -0.00360457, 0.00103524, 0.24905, -0.153722, 0.173042, -0.202826, 0.452199, -0.44566,  
Y Velocity[A/fs],0.00208875, 0.174223, -0.228486, 0.247788, 0.174547, -0.151399, -0.198066, -0.179137, 0.081257,  
Z Velocity[A/fs],0.0115885, -0.241655, -0.266943, 0.0693647, 0.117978, 0.279346, 0.0596463, -0.129114, -0.113214,  
Speed[A/fs],0.012104, 0.297933, 0.351376, 0.3581, 0.260798, 0.361801, 0.289701, 0.503234, 0.46694, 

C3H8_7_5r31, C3[0][1][2], H[3], H[4], H[5], H[6], H[7], H[8], H[9], H[10], 
Densities, 11.22660406332372, 0.5213502793236837, 0.371204310569731, 0.3589167246704827, 0.3494643238394669, 0.3665154743649572, 0.4233711095290649, 0.5576736794235571, 0.5438317984619663, 
Time[fs], 100.000000, 55.000000, 55.500000, 54.500000, 56.500000, 62.500000, 64.000000, 34.000000, 35.500000, 
Density Sum, 14.71893176350663
X Velocity[A/fs], 0.0016275, 0.0017525, 0.00820326, 0.246354, -0.247823, 0.189858, -0.189493, 0.478495, -0.456922,  
Y Velocity[A/fs],-0.00224162, 0.156377, -0.267737, 0.235379, 0.213831, -0.186909, -0.11267, -0.102491, -0.153615,  
Z Velocity[A/fs],0.00663019, -0.273056, -0.235449, 0.115618, 0.0522388, 0.206295, 0.181936, -0.126683, -0.11799,  
Speed[A/fs],0.00718561, 0.314669, 0.356632, 0.359807, 0.331465, 0.336955, 0.285838, 0.50548, 0.496283, 

C3H8_7_5r9, C3[0][2][1], H[3], H[4], H[5], H[6], H[7], H[8], H[9], H[10], 
Densities, 11.13220151902586, 0.2238056642138055, 0.4698744442003747, 0.4591848658973454, 0.4608814829015291, 0.4562606960456952, 0.2864799793403497, 0.6159462209240646, 0.4241813334777766, 
Time[fs], 120.000000, 51.500000, 70.500000, 64.000000, 64.500000, 61.000000, 62.500000, 33.500000, 32.500000, 
Density Sum, 14.5288162060268
X Velocity[A/fs], -0.000346837, 0.017399, -0.00702646, 0.206971, -0.20792, 0.237803, -0.22265, 0.515168, -0.541023,  
Y Velocity[A/fs],0.00184737, 0.289525, -0.183927, 0.179248, 0.154373, -0.162279, -0.215531, 0.0547302, 0.0360972,  
Z Velocity[A/fs],-0.000130151, -0.317851, -0.206742, 0.091929, 0.0669401, 0.0774705, 0.16033, -0.127771, -0.144207,  
Speed[A/fs],0.00188415, 0.430299, 0.276805, 0.288821, 0.267475, 0.298139, 0.348902, 0.53359, 0.561075, 

C3H8_7_5r7, C3[0][1][2], H[3], H[4], H[5], H[6], H[7], H[8], H[9], H[10], 
Densities, 10.98053312982309, 0.5964222099404893, 0.3762848489602648, 0.44871458970591, 0.474491293532719, 0.5148380527796688, 0.5399044518484559, 0.2554098008937946, 0.5893075396480617, 
Time[fs], 92.500000, 58.500000, 50.500000, 53.500000, 64.500000, 60.500000, 66.500000, 36.000000, 33.500000, 
Density Sum, 14.77590591713245
X Velocity[A/fs], -0.000661111, -0.000539114, -0.0178413, 0.256393, -0.203982, 0.137513, -0.167678, 0.452252, -0.475322,  
Y Velocity[A/fs],-0.00332348, 0.122044, -0.279617, 0.240742, 0.134679, -0.0483835, -0.157017, -0.269553, -0.0838135,  
Z Velocity[A/fs],0.0136276, -0.246728, -0.280317, 0.0253812, 0.0493116, 0.228714, 0.133007, -0.0443065, -0.0993749,  
Speed[A/fs],0.0140426, 0.275263, 0.396335, 0.352616, 0.249357, 0.271221, 0.265445, 0.528351, 0.492779, 

C3H8_7_5r50, C3H[0][1][2][8], H[3], H[4], H[5], H[6], H[7], H[9], H[10], 
Densities, 11.91338360622463, 0.1513305697436696, 0.4753605238619876, 0.4660129467520717, 0.3841881772982008, 0.2975307715415421, 0.4433614007142978, 0.3842740520340642, 
Time[fs], 120.000000, 55.500000, 118.500000, 72.000000, 65.500000, 61.000000, 32.000000, 32.500000, 
Density Sum, 14.51544204817046
X Velocity[A/fs], -0.00246324, -0.0119557, 0.0459636, 0.198317, -0.237631, 0.256118, 0.555597, -0.537607,  
Y Velocity[A/fs],0.0078851, 0.288314, 0.1356, 0.142994, 0.161184, -0.185505, -0.0518573, -0.0547773,  
Z Velocity[A/fs],0.00886859, -0.310317, -0.152225, 0.0685785, 0.131501, 0.0644109, -0.118793, -0.141649,  
Speed[A/fs],0.01212, 0.423751, 0.20898, 0.253929, 0.315818, 0.322734, 0.570516, 0.558647, 

C3H8_7_5r45, C3H2[0][1][2][7][8], H[3], H[4], H[5], H[6], H[9], H[10], 
Densities, 12.69660102420323, 0.217724013817809, 0.5791098963638567, 0.3291170728453235, 0.0952973751263544, 0.2725032602723607, 0.4477529986626058, 
Time[fs], 120.000000, 57.000000, 120.000000, 120.000000, 65.500000, 33.000000, 33.000000, 
Density Sum, 14.63810564129154
X Velocity[A/fs], 0.00749155, 0.0155913, -0.0335642, 0.063902, -0.21651, 0.535779, -0.522392,  
Y Velocity[A/fs],0.00402399, 0.252737, 0.130871, -0.184565, 0.236073, 0.0500857, 0.0079094,  
Z Velocity[A/fs],0.0123292, -0.29398, -0.088951, 0.0238147, 0.197908, -0.145275, -0.144143,  
Speed[A/fs],0.0149775, 0.387999, 0.16176, 0.196761, 0.37653, 0.557381, 0.541972, 

C3H8_7_5r49, C3[0][1][2], H[3], H[4], H[5], H[6], H[7], H[8], H[9], H[10], 
Densities, 11.10429314481295, 0.3640941537250459, 0.6257485936064073, 0.3013600769853773, 0.4189707677185212, 0.418911808823005, 0.4415738106454776, 0.3790639184687228, 0.468251312021978, 
Time[fs], 107.500000, 53.500000, 74.000000, 68.500000, 63.500000, 64.000000, 67.000000, 33.000000, 33.000000, 
Density Sum, 14.52226758680748
X Velocity[A/fs], -0.0020096, -0.0094878, 0.00449551, 0.190445, -0.208727, 0.227207, -0.208012, 0.537775, -0.518055,  
Y Velocity[A/fs],0.000178488, 0.298029, -0.0751666, 0.166634, 0.146721, -0.136355, -0.104413, 0.104085, 0.12987,  
Z Velocity[A/fs],0.0221776, -0.224658, -0.185143, 0.188099, 0.205145, 0.0385138, -0.00697662, -0.122652, -0.0986498,  
Speed[A/fs],0.0222692, 0.37334, 0.19987, 0.315305, 0.327382, 0.267767, 0.232851, 0.561319, 0.54312, 

C3H8_7_5r5, C3H[0][1][2][6], H[3], H[4], H[5], H[7], H[8], H[9], H[10], 
Densities, 11.68755192429718, 0.4569494916312091, 0.3905418556035147, 0.510933691805824, 0.4217304078680783, 0.3913420740415103, 0.2931762913678557, 0.5354533261469773, 
Time[fs], 105.500000, 57.500000, 60.500000, 60.500000, 66.500000, 56.000000, 33.500000, 33.500000, 
Density Sum, 14.68767906276214
X Velocity[A/fs], 0.00698678, -0.0150115, -0.000420607, 0.245057, 0.18989, -0.278034, 0.528593, -0.490685,  
Y Velocity[A/fs],-0.00446655, 0.192153, -0.210069, 0.144862, -0.123044, -0.180373, -0.183832, 0.115784,  
Z Velocity[A/fs],0.00465581, -0.271974, -0.258854, 0.0218268, 0.211999, 0.0851684, -0.10708, -0.0998524,  
Speed[A/fs],0.00951009, 0.333344, 0.333369, 0.285508, 0.310067, 0.342186, 0.569799, 0.513954, 

C3H8_7_5r36, C3H[0][1][2][8], H[3], H[4], H[5], H[6], H[7], H[9], H[10], 
Densities, 11.84817912106841, 0.2341325771681192, 0.4199422252723181, 0.3726199240420793, 0.2899135500745085, 0.3948510289715836, 0.4953678784139392, 0.4398472341060456, 
Time[fs], 120.000000, 52.500000, 74.000000, 60.500000, 61.500000, 58.500000, 33.000000, 32.500000, 
Density Sum, 14.494853539117
X Velocity[A/fs], 0.00198459, -0.011634, -0.036641, 0.234992, -0.227225, 0.259988, 0.540843, -0.52844,  
Y Velocity[A/fs],-0.00779187, 0.313788, -0.113379, 0.176672, 0.214028, -0.159274, 0.0823012, 0.0304449,  
Z Velocity[A/fs],0.00492163, -0.276555, -0.210299, 0.143117, 0.18892, 0.0187674, -0.159316, -0.130019,  
Speed[A/fs],0.00942732, 0.418426, 0.241708, 0.326981, 0.36487, 0.305474, 0.569795, 0.545052, 

C3H8_7_5r26, C3H[0][1][2][5], H[3], H[4], H[6], H[7], H[8], H[9], H[10], 
Densities, 11.79758727357058, 0.6094443121136238, 0.2198805033180999, 0.3555573962517694, 0.289215657162685, 0.4371559604510418, 0.4773876076028949, 0.4844988949203611, 
Time[fs], 120.000000, 81.500000, 55.000000, 81.500000, 61.000000, 67.000000, 33.500000, 33.500000, 
Density Sum, 14.67072760539105
X Velocity[A/fs], 0.00364534, 0.0157632, 0.0238507, -0.159986, 0.237667, -0.23363, 0.50864, -0.499767,  
Y Velocity[A/fs],0.0090973, 0.0989121, -0.259304, 0.15194, -0.232347, -0.160247, 0.0753682, 0.0608758,  
Z Velocity[A/fs],0.00634129, -0.182892, -0.310467, 0.109333, 0.181211, 0.0924616, -0.14719, -0.165625,  
Speed[A/fs],0.0116731, 0.208523, 0.405212, 0.246242, 0.378561, 0.298012, 0.534845, 0.530004, 

C3H8_7_5r11, C3[0][1][2], H[3], H[4], H[5], H[6], H[7], H[8], H[9], H[10], 
Densities, 11.21426001523186, 0.5376681963838363, 0.2899846991058627, 0.3086418029650872, 0.5352647429672193, 0.2932433576522022, 0.5197198155347624, 0.2631121592172363, 0.615242734081228, 
Time[fs], 120.000000, 63.000000, 54.000000, 60.500000, 61.000000, 63.000000, 62.500000, 33.500000, 33.500000, 
Density Sum, 14.5771375231393
X Velocity[A/fs], 0.00419703, -0.000845112, -0.00739417, 0.209166, -0.20035, 0.176819, -0.214255, 0.546262, -0.49752,  
Y Velocity[A/fs],-0.00375693, 0.180677, -0.246245, 0.222688, 0.15938, -0.226421, -0.152077, -0.0119557, 0.0911492,  
Z Velocity[A/fs],0.00467569, -0.223444, -0.288443, 0.167989, 0.157618, 0.1911, 0.0610794, -0.122765, -0.11464,  
Speed[A/fs],0.00732063, 0.287354, 0.379329, 0.348655, 0.300642, 0.345037, 0.269747, 0.560015, 0.518629, 

C3H8_7_5r32, C3[0][1][2], H[3], H[4], H[5], H[6], H[7], H[8], H[9], H[10], 
Densities, 11.14595211699783, 0.3276514705339885, 0.2587036191996353, 0.3889692040568518, 0.5295658168401973, 0.4098941149395136, 0.4367902295526447, 0.5823211962750132, 0.5333014578694872, 
Time[fs], 102.000000, 56.000000, 50.500000, 66.500000, 60.500000, 58.500000, 61.500000, 34.500000, 33.500000, 
Density Sum, 14.61314922626516
X Velocity[A/fs], 0.00839119, 0.0180374, 0.00892002, 0.176014, -0.210041, 0.225109, -0.19726, 0.485124, -0.509189,  
Y Velocity[A/fs],-0.000579399, 0.27543, -0.220962, 0.15986, 0.165146, -0.211074, -0.184911, 0.0372285, -0.077708,  
Z Velocity[A/fs],0.0126996, -0.229084, -0.320963, 0.196271, 0.0985104, 0.100105, 0.151387, -0.124534, -0.145401,  
Speed[A/fs],0.0152324, 0.358701, 0.38977, 0.308316, 0.284771, 0.324418, 0.309874, 0.502235, 0.535213, 

C3H8_7_5r18, C3[0][1][2], H[3], H[4], H[5], H[6], H[7], H[8], H[9], H[10], 
Densities, 10.79791440152952, 0.4008070887835142, 0.5717467512163613, 0.5792108775235482, 0.7185468145080969, 0.2666785838449345, 0.2671561200745529, 0.4998329118797564, 0.4116295404275624, 
Time[fs], 120.000000, 65.000000, 68.000000, 120.000000, 120.000000, 59.000000, 58.500000, 33.000000, 32.500000, 
Density Sum, 14.51352308978785
X Velocity[A/fs], -0.00213328, 0.00301119, 0.0108938, 0.0649507, 0.0006791, 0.257273, -0.286647, 0.521391, -0.549816,  
Y Velocity[A/fs],0.00604514, 0.243635, -0.135376, 0.0308957, 0.0114534, -0.210313, -0.208464, -0.000726926, 0.0758357,  
Z Velocity[A/fs],0.0139784, -0.236343, -0.246875, -0.00843046, 0.0573784, 0.151594, 0.0883432, -0.120316, -0.126606,  
Speed[A/fs],0.0153782, 0.339448, 0.281766, 0.0724169, 0.0585143, 0.365242, 0.365279, 0.535094, 0.569279, 

C3H8_7_5r28, C3H2[0][1][2][3][6], H[4], H[5], H[7], H[8], H[9], H[10], 
Densities, 12.47964409926615, 0.3166247052441929, 0.4043604492878238, 0.3653697049534089, 0.3273883452595608, 0.468045005175777, 0.3283214071756439, 
Time[fs], 120.000000, 61.500000, 65.500000, 77.000000, 59.500000, 33.500000, 32.500000, 
Density Sum, 14.68975371636256
X Velocity[A/fs], -0.0110309, -0.00202352, 0.216953, 0.213378, -0.277837, 0.511812, -0.534922,  
Y Velocity[A/fs],0.00148764, -0.215725, 0.222539, -0.131444, -0.199665, -0.0637095, 0.0743936,  
Z Velocity[A/fs],0.00334743, -0.287437, 0.0997234, 0.0735833, 0.0983331, -0.1448, -0.156956,  
Speed[A/fs],0.0116232, 0.35939, 0.3264, 0.261194, 0.35599, 0.535703, 0.562415, 

C3H8_7_5r23, C3[0][1][2], H[3], H[4], H[5], H[6], H[7], H[8], H[9], H[10], 
Densities, 11.20083101929517, 0.4200596211375859, 0.3904870376935054, 0.4269943153010294, 0.4502050272813464, 0.2544803258933854, 0.2607779167396148, 0.4672652052681146, 0.6009227241148158, 
Time[fs], 88.000000, 54.000000, 51.000000, 57.000000, 60.500000, 53.000000, 50.500000, 33.500000, 33.500000, 
Density Sum, 14.47202319272457
X Velocity[A/fs], 0.011933, -0.00484734, 0.0175, 0.185381, -0.199148, 0.223025, -0.249266, 0.487627, -0.484023,  
Y Velocity[A/fs],0.00356749, 0.255983, -0.171921, 0.17619, 0.105915, -0.270644, -0.298799, 0.054728, 0.0714391,  
Z Velocity[A/fs],-0.00490687, -0.242147, -0.289478, 0.22411, 0.136281, 0.162247, 0.137381, -0.134212, -0.0922977,  
Speed[A/fs],0.0133866, 0.3524, 0.337136, 0.34005, 0.263535, 0.386409, 0.41266, 0.508713, 0.497896, 

C3H8_7_5r19, C3[0][1][2], H[3], H[4], H[5], H[6], H[7], H[8], H[9], H[10], 
Densities, 11.18192606335422, 0.2655868431659991, 0.451403582788876, 0.460691887960563, 0.3336646349510748, 0.4979414867418334, 0.3417806664643716, 0.4755214119076844, 0.6414502210121354, 
Time[fs], 104.000000, 46.500000, 59.500000, 53.000000, 55.500000, 64.500000, 62.000000, 34.000000, 33.500000, 
Density Sum, 14.64996679834675
X Velocity[A/fs], 0.00415399, 0.017117, -0.0238059, 0.250836, -0.209481, 0.187343, -0.199914, 0.486328, -0.483591,  
Y Velocity[A/fs],0.00543092, 0.203116, -0.228747, 0.247483, 0.260672, -0.0656221, -0.212115, -0.150549, -0.0167636,  
Z Velocity[A/fs],0.0156137, -0.355912, -0.228002, 0.0925286, 0.179823, 0.195047, 0.16177, -0.0987527, -0.0962559,  
Speed[A/fs],0.0170452, 0.41015, 0.323847, 0.364319, 0.379695, 0.278293, 0.333359, 0.518586, 0.493363, 

C3H8_7_5r40, C3[0][1][2], H[3], H[4], H[5], H[6], H[7], H[8], H[9], H[10], 
Densities, 11.21069691785458, 0.5449209122343489, 0.4252556418467618, 0.3749814589622648, 0.269039472847369, 0.3196458844360456, 0.4463619647966645, 0.4739728747767238, 0.635193623594445, 
Time[fs], 93.000000, 69.000000, 60.000000, 64.500000, 60.000000, 56.500000, 70.500000, 33.500000, 33.500000, 
Density Sum, 14.7000687513492
X Velocity[A/fs], -0.0127439, -0.00522302, 0.00738656, 0.196558, -0.222731, 0.218057, -0.178704, 0.501868, -0.476988,  
Y Velocity[A/fs],0.00317277, 0.177243, -0.139021, 0.144276, 0.187506, -0.266732, -0.0836913, 0.0833808, 0.0903554,  
Z Velocity[A/fs],0.00135942, -0.184259, -0.252609, 0.164254, 0.226917, 0.0889946, 0.0376641, -0.132618, -0.136277,  
Speed[A/fs],0.0132031, 0.255722, 0.288431, 0.29399, 0.369133, 0.35583, 0.200893, 0.525748, 0.504236, 

C3H8_7_5r37, C3H[0][1][2][7], H[3], H[4], H[5], H[6], H[8], H[9], H[10], 
Densities, 11.68896841923406, 0.2645166411630384, 0.5540453077316574, 0.4382434221146073, 0.2957804697702263, 0.4273934147676717, 0.5320244644906618, 0.4527946610815453, 
Time[fs], 88.500000, 50.500000, 71.500000, 59.000000, 58.500000, 56.000000, 33.500000, 35.000000, 
Density Sum, 14.65376680035346
X Velocity[A/fs], -0.000634715, -0.00728704, 0.00984304, 0.225892, -0.185027, -0.219597, 0.495454, -0.469748,  
Y Velocity[A/fs],0.00361602, 0.260002, -0.0952569, 0.168342, 0.157035, -0.243053, -0.0479228, 0.205048,  
Z Velocity[A/fs],-0.00610049, -0.307972, -0.186526, 0.103129, 0.24144, 0.0951332, -0.103103, -0.0939701,  
Speed[A/fs],0.00712001, 0.403114, 0.209672, 0.300003, 0.342328, 0.341098, 0.508332, 0.521093, 

C3H8_7_5r17, C3[0][1][2], H[3], H[4], H[5], H[6], H[7], H[8], H[9], H[10], 
Densities, 11.17989051887414, 0.4175534965897075, 0.3833300911414191, 0.218206160406849, 0.6142168138196996, 0.4032525070989311, 0.4188883916143103, 0.4892566479000381, 0.511225133340482, 
Time[fs], 111.500000, 64.000000, 58.000000, 56.500000, 79.500000, 68.500000, 60.500000, 34.500000, 33.500000, 
Density Sum, 14.63581976078557
X Velocity[A/fs], 0.00978848, -0.00376151, -0.0137398, 0.269374, -0.142454, 0.176986, -0.235975, 0.488713, -0.520966,  
Y Velocity[A/fs],0.00341694, 0.143838, -0.269489, 0.228348, 0.05942, -0.134512, -0.176623, -0.139576, 0.0439436,  
Z Velocity[A/fs],0.00204628, -0.247254, -0.236521, 0.0749379, 0.0360697, 0.183193, 0.137453, -0.137567, -0.142776,  
Speed[A/fs],0.0105677, 0.286074, 0.358825, 0.361, 0.158508, 0.288058, 0.325228, 0.526542, 0.541961, 

C3H8_7_5r43, C3[0][1][2], H[3], H[4], H[5], H[6], H[7], H[8], H[9], H[10], 
Densities, 11.12189934637437, 0.4713067932610071, 0.4106674816614145, 0.4178956247280437, 0.4865750714585445, 0.3614558569597124, 0.2762542102528662, 0.5927390532111432, 0.5018100356349646, 
Time[fs], 120.000000, 56.500000, 57.500000, 63.500000, 58.500000, 59.500000, 59.000000, 33.500000, 34.000000, 
Density Sum, 14.64060347354207
X Velocity[A/fs], -0.00080811, 0.00118346, 0.00365129, 0.209588, -0.230828, 0.229458, -0.234034, 0.505746, -0.520134,  
Y Velocity[A/fs],9.48685e-05, 0.20688, -0.237278, 0.19177, 0.189471, -0.221124, -0.208968, -0.000611076, -0.0508467,  
Z Velocity[A/fs],0.0087023, -0.274045, -0.263414, 0.122301, 0.101196, 0.127504, 0.164135, -0.120066, -0.156392,  
Speed[A/fs],0.00874026, 0.343368, 0.354543, 0.309291, 0.315312, 0.343226, 0.354091, 0.519803, 0.545511, 

C3H8_7_5r6, C3[0][1][2], H[3], H[4], H[5], H[6], H[7], H[8], H[9], H[10], 
Densities, 11.13516978445614, 0.3920909687558132, 0.311714348984889, 0.4613371883973942, 0.4489300047626791, 0.1316885161933603, 0.5193263654878244, 0.5067809921445919, 0.4897289388239515, 
Time[fs], 67.500000, 50.000000, 48.500000, 50.500000, 59.000000, 46.000000, 58.000000, 33.500000, 32.500000, 
Density Sum, 14.39676710800664
X Velocity[A/fs], 0.00447974, 0.013474, 0.00546781, 0.227513, -0.180474, 0.142274, -0.197382, 0.462073, -0.488012,  
Y Velocity[A/fs],0.00297172, 0.17088, -0.295545, 0.260651, 0.199087, -0.135686, -0.124868, -0.141325, 0.0323084,  
Z Velocity[A/fs],0.00196995, -0.271125, -0.23523, 0.055451, 0.107696, 0.337415, 0.111404, -0.0831101, -0.121652,  
Speed[A/fs],0.00572537, 0.320765, 0.37777, 0.350394, 0.289491, 0.390515, 0.258771, 0.490297, 0.503983, 

C3H8_7_5r10, C3H[0][1][2][7], H[3], H[4], H[5], H[6], H[8], H[9], H[10], 
Densities, 11.84494408139816, 0.3160859128780916, 0.3723663673698336, 0.239422310277344, 0.4214669811251084, 0.3387273381357943, 0.5030769257307217, 0.4316626522036995, 
Time[fs], 120.000000, 54.000000, 73.000000, 55.500000, 66.500000, 62.000000, 33.000000, 33.000000, 
Density Sum, 14.46775256911875
X Velocity[A/fs], 0.0055576, -0.0145509, 0.00257738, 0.286426, -0.197574, -0.213688, 0.517223, -0.547533,  
Y Velocity[A/fs],-0.0104178, 0.226852, -0.180165, 0.221122, 0.181411, -0.228561, -0.0703925, 0.0138245,  
Z Velocity[A/fs],0.00138911, -0.315902, -0.204628, 0.0925718, 0.103028, 0.142631, -0.143023, -0.138581,  
Speed[A/fs],0.011889, 0.389189, 0.272651, 0.373503, 0.287333, 0.34387, 0.54123, 0.564968, 

C3H8_7_5r22, C3[0][1][2], H[3], H[4], H[5], H[6], H[7], H[8], H[9], H[10], 
Densities, 11.12633586195542, 0.3616223554832607, 0.4135557691547806, 0.441086295074673, 0.4242544400549142, 0.3721798577958743, 0.3894994137432766, 0.5138859088645574, 0.6551240565337044, 
Time[fs], 89.000000, 50.500000, 57.000000, 64.000000, 57.500000, 53.500000, 57.000000, 33.500000, 34.000000, 
Density Sum, 14.69754395866046
X Velocity[A/fs], 0.00294218, -0.00454575, 0.00759928, 0.185289, -0.177818, 0.250181, -0.225072, 0.485021, -0.468266,  
Y Velocity[A/fs],0.00215292, 0.301451, -0.120987, 0.145431, 0.168544, -0.247524, -0.217915, 0.121066, 0.0736251,  
Z Velocity[A/fs],0.00128443, -0.235891, -0.26039, 0.193242, 0.228752, 0.0904933, 0.0946312, -0.115743, -0.107773,  
Speed[A/fs],0.00386539, 0.382803, 0.287226, 0.304671, 0.335192, 0.363383, 0.32726, 0.513127, 0.486116, 

C3H8_7_5r38, C3H2[0][1][2][4][7], H[3], H[5], H[6], H[8], H[9], H[10], 
Densities, 12.52786328060866, 0.1580389529424581, 0.3399680064467481, 0.2284108968129659, 0.4541513262592413, 0.5514376801740571, 0.436666443657367, 
Time[fs], 101.000000, 50.500000, 57.000000, 69.000000, 71.500000, 34.500000, 34.000000, 
Density Sum, 14.69653658690149
X Velocity[A/fs], 0.00873772, 0.0127486, 0.274064, -0.186674, -0.19778, 0.471218, -0.517367,  
Y Velocity[A/fs],0.00638508, 0.256717, 0.166479, 0.179067, -0.104091, -0.121501, 0.117409,  
Z Velocity[A/fs],0.0131193, -0.334123, 0.0996212, 0.214454, 0.0217766, -0.144921, -0.107067,  
Speed[A/fs],0.0170068, 0.42155, 0.335784, 0.33601, 0.224557, 0.507751, 0.541218, 

C3H8_7_5r14, C3[0][1][2], H[3], H[4], H[5], H[6], H[7], H[8], H[9], H[10], 
Densities, 11.12131794003901, 0.3628490316758173, 0.3471297735063097, 0.4818165004368121, 0.5189199823969726, 0.3549856703619452, 0.2203901244503523, 0.5478489130875395, 0.4609200258612484, 
Time[fs], 120.000000, 56.500000, 53.500000, 71.000000, 72.500000, 56.000000, 54.000000, 32.500000, 32.000000, 
Density Sum, 14.41617796181601
X Velocity[A/fs], 0.00810766, 0.0054818, 0.00296631, 0.179494, -0.16896, 0.253715, -0.272147, 0.532286, -0.537982,  
Y Velocity[A/fs],0.00169173, 0.27559, -0.240384, 0.0790624, 0.11848, -0.224529, -0.274099, 0.00292518, 0.0824677,  
Z Velocity[A/fs],0.000601865, -0.22082, -0.300089, 0.0900595, 0.131703, 0.145674, 0.122016, -0.121199, -0.114496,  
Speed[A/fs],0.00830412, 0.353188, 0.384509, 0.215824, 0.244807, 0.368789, 0.405071, 0.545918, 0.556179, 

C3H8_7_5r8, C3H[0][1][2][7], H[3], H[4], H[5], H[6], H[8], H[9], H[10], 
Densities, 11.88391981672038, 0.3857292253790236, 0.6505092879814537, 0.2987306967593354, 0.3182805993381887, 0.3418845560870947, 0.4319656090926053, 0.5915282040882882, 
Time[fs], 120.000000, 61.000000, 91.000000, 63.000000, 66.500000, 57.000000, 34.000000, 33.500000, 
Density Sum, 14.90254799544637
X Velocity[A/fs], 0.0108041, 0.0057973, 0.0138583, 0.265026, -0.214711, -0.253173, 0.519192, -0.507609,  
Y Velocity[A/fs],-0.00432186, 0.217811, -0.0147623, 0.154647, 0.159634, -0.230088, -0.0398357, 0.0900126,  
Z Velocity[A/fs],-0.00272032, -0.289603, -0.16502, 0.108413, 0.107834, 0.120301, -0.100319, -0.122279,  
Speed[A/fs],0.0119502, 0.362416, 0.166257, 0.325434, 0.288465, 0.362643, 0.530293, 0.529832, 

C3H8_7_5r34, C3[0][1][2], H[3], H[4], H[5], H[6], H[7], H[8], H[9], H[10], 
Densities, 11.2041324930227, 0.3001789597228151, 0.6202605419479498, 0.5592086557962234, 0.4001272744685432, 0.3304321067224215, 0.4639761108562847, 0.3024786426490009, 0.4150816863268257, 
Time[fs], 120.000000, 58.500000, 79.000000, 90.500000, 62.000000, 60.000000, 77.000000, 33.000000, 33.500000, 
Density Sum, 14.59587647151277
X Velocity[A/fs], -0.00887748, 0.00524398, -0.00292898, 0.137426, -0.237934, 0.253954, -0.153186, 0.540361, -0.516763,  
Y Velocity[A/fs],-0.000861654, 0.225726, -0.14935, 0.05009, 0.170767, -0.196941, -0.141217, 0.0569355, -0.163855,  
Z Velocity[A/fs],0.00774035, -0.274028, -0.167436, 0.0512037, 0.0410768, 0.10667, 0.147668, -0.139339, -0.1012,  
Speed[A/fs],0.0118095, 0.355065, 0.224385, 0.154973, 0.295739, 0.33861, 0.255371, 0.560934, 0.551484, 

C3H8_7_5r13, C3[0][1][2], H[3], H[4], H[5], H[6], H[7], H[8], H[9], H[10], 
Densities, 11.20375286219614, 0.644154251366453, 0.3632220579392763, 0.3682298763874195, 0.3298334571116966, 0.36118953018009, 0.2158867963735299, 0.5774914612341079, 0.4326685910213527, 
Time[fs], 120.000000, 70.000000, 53.000000, 54.500000, 60.000000, 58.500000, 59.500000, 33.000000, 33.000000, 
Density Sum, 14.49642888381006
X Velocity[A/fs], 0.00962157, 0.0119164, 0.00307979, 0.25709, -0.227644, 0.222338, -0.221908, 0.515351, -0.523959,  
Y Velocity[A/fs],0.000619942, 0.110322, -0.274562, 0.235321, 0.193091, -0.187989, -0.24037, -0.0962817, 0.00609957,  
Z Velocity[A/fs],0.00377592, -0.19382, -0.281534, 0.0723111, 0.122426, 0.158583, 0.212803, -0.125544, -0.162462,  
Speed[A/fs],0.0103545, 0.223337, 0.393262, 0.355949, 0.322636, 0.331546, 0.390264, 0.53909, 0.548602, 

C3H8_7_5r15, C3[0][1][2], H[3], H[4], H[5], H[6], H[7], H[8], H[9], H[10], 
Densities, 11.02558250100384, 0.4352369251228378, 0.218415138956971, 0.8467052667287834, 0.2562747142400288, 0.3668075238966684, 0.3730585231904034, 0.3981598630300359, 0.4347122003923168, 
Time[fs], 120.000000, 79.500000, 56.000000, 120.000000, 59.000000, 62.500000, 78.000000, 32.000000, 31.500000, 
Density Sum, 14.35495265656188
X Velocity[A/fs], 0.0104945, 0.0126983, 0.0211729, -0.0390042, -0.240047, 0.253122, -0.201987, 0.565114, -0.555771,  
Y Velocity[A/fs],0.0103688, 0.109591, -0.253186, -0.0406849, 0.254074, -0.152451, -0.0513902, -0.00101481, -0.0595149,  
Z Velocity[A/fs],0.00517337, -0.199387, -0.307923, 0.0249526, 0.165002, 0.110959, 0.0337819, -0.146636, -0.116809,  
Speed[A/fs],0.0156336, 0.227874, 0.399209, 0.0616378, 0.386525, 0.315632, 0.211142, 0.58383, 0.571023, 

C3H8_7_5r2, C3H[0][1][2][7], H[3], H[4], H[5], H[6], H[8], H[9], H[10], 
Densities, 11.75100415206368, 0.4915460292517771, 0.3202532038301708, 0.373293267931971, 0.4194384979561947, 0.4332393583430902, 0.6236674031041733, 0.3057563778171227, 
Time[fs], 108.000000, 77.000000, 55.000000, 58.000000, 72.000000, 59.000000, 34.000000, 34.000000, 
Density Sum, 14.71819829029818
X Velocity[A/fs], -0.00747727, -0.0344602, 0.00753537, 0.282736, -0.162395, -0.25074, 0.478014, -0.514474,  
Y Velocity[A/fs],-0.00497858, 0.151156, -0.248108, 0.157704, 0.131427, -0.168657, -0.118897, 0.171975,  
Z Velocity[A/fs],-0.00790669, -0.1933, -0.284999, 0.0742516, 0.199233, 0.0182333, -0.106707, -0.139237,  
Speed[A/fs],0.0119671, 0.247791, 0.37794, 0.33215, 0.288685, 0.302735, 0.504004, 0.560041, 

C3H8_7_5r27, C3[0][1][2], H[3], H[4], H[5], H[6], H[7], H[8], H[9], H[10], 
Densities, 11.33771052317662, 0.6864995481949573, 0.2495904969093408, 0.3965124938985514, 0.3622548352605883, 0.2853518826054895, 0.3456129668824549, 0.5526847900302281, 0.2204295563663603, 
Time[fs], 105.500000, 105.500000, 49.000000, 56.500000, 79.500000, 57.500000, 68.000000, 32.500000, 32.500000, 
Density Sum, 14.43664709332459
X Velocity[A/fs], 0.00560883, 0.0506615, 0.0161496, 0.236487, -0.170749, 0.226899, -0.186375, 0.509015, -0.544888,  
Y Velocity[A/fs],0.000397138, 0.0178334, -0.302133, 0.214433, 0.0282312, -0.210835, -0.136904, -0.0708117, -0.117379,  
Z Velocity[A/fs],0.0148143, -0.100427, -0.308526, 0.0507955, -0.0501911, 0.194383, 0.196289, -0.154962, -0.124999,  
Speed[A/fs],0.0158455, 0.113887, 0.432126, 0.323246, 0.180198, 0.365676, 0.303328, 0.536772, 0.571231, 

C3H8_7_5r35, C3[0][1][2], H[3], H[4], H[5], H[6], H[7], H[8], H[9], H[10], 
Densities, 11.21040677871416, 0.402990873727181, 0.4482397363983627, 0.2535487629751227, 0.4053792246135224, 0.5515340982030054, 0.3967528855750713, 0.387944421448632, 0.3635289955312274, 
Time[fs], 95.000000, 50.500000, 58.500000, 54.000000, 61.500000, 95.000000, 54.000000, 33.000000, 32.500000, 
Density Sum, 14.42032577718629
X Velocity[A/fs], 0.00273485, 0.00165318, -0.0112045, 0.271306, -0.18254, 0.0978091, -0.24858, 0.51796, -0.527361,  
Y Velocity[A/fs],-0.0014063, 0.245378, -0.201441, 0.235163, 0.199067, 0.0112125, -0.20303, -0.141748, 0.121553,  
Z Velocity[A/fs],0.000242869, -0.29495, -0.239265, 0.0571821, 0.211591, 0.00446736, 0.101688, -0.0847644, -0.123923,  
Speed[A/fs],0.00308481, 0.383678, 0.312973, 0.363564, 0.343102, 0.098551, 0.33668, 0.543654, 0.555195, 

C3H8_7_5r47, C2H[0][2][6], CH2[1][3][5], H[4], H[7], H[8], H[9], H[10], 
Densities, 7.779167234033186, 5.086310274812549, 0.1624862983514472, 0.3479722317939975, 0.274998618727618, 0.5148215793955867, 0.4743449512920405, 
Time[fs], 120.000000, 120.000000, 51.500000, 62.500000, 60.500000, 32.500000, 33.000000, 
Density Sum, 14.64010118840643
X Velocity[A/fs], -0.00794968, 0.0332494, -0.017076, 0.297373, -0.252784, 0.527492, -0.523577,  
Y Velocity[A/fs],0.0124514, -0.00245354, -0.29633, -0.1359, -0.226713, 0.0182411, 0.05392,  
Z Velocity[A/fs],0.0191366, 0.0293394, -0.340806, 0.100707, 0.191741, -0.143775, -0.149235,  
Speed[A/fs],0.0241752, 0.0444111, 0.451942, 0.342114, 0.389953, 0.547039, 0.547094, 

C3H8_7_5r25, C3H2[0][1][2][3][5], H[4], H[6], H[7], H[8], H[9], H[10], 
Densities, 12.28319500935264, 0.2228214384082642, 0.2826451464181928, 0.8442209143100207, 0.3780230842029034, 0.4432101097802056, 0.3885234129883491, 
Time[fs], 112.500000, 63.500000, 58.000000, 112.500000, 77.000000, 33.500000, 35.500000, 
Density Sum, 14.84263911546057
X Velocity[A/fs], 0.0211731, 0.00893315, -0.284065, -0.00534724, -0.133041, 0.502852, -0.464157,  
Y Velocity[A/fs],-0.0114991, -0.191296, 0.156474, -0.0339368, -0.150916, 0.0258963, -0.264663,  
Z Velocity[A/fs],0.0183046, -0.285765, -0.0420384, -0.0943676, 0.198366, -0.118146, -0.0760376,  
Speed[A/fs],0.0302587, 0.343999, 0.327023, 0.100427, 0.282532, 0.517194, 0.539694, 

C3H8_7_5r39, C3H[0][1][2][8], H[3], H[4], H[5], H[6], H[7], H[9], H[10], 
Densities, 11.62520644403897, 0.5597224789999559, 0.2578703762480042, 0.456658750094603, 0.2908780121361988, 0.2039603394902475, 0.6175234224190166, 0.4402687434908541, 
Time[fs], 120.000000, 73.000000, 50.500000, 59.500000, 58.500000, 53.000000, 33.500000, 33.500000, 
Density Sum, 14.45208856691785
X Velocity[A/fs], 0.0103235, -0.0112958, 0.0188281, 0.239757, -0.24797, 0.223164, 0.500016, -0.514425,  
Y Velocity[A/fs],-0.00203997, 0.150707, -0.285681, 0.16685, 0.209591, -0.304214, 0.036085, -0.0609156,  
Z Velocity[A/fs],0.00720331, -0.198747, -0.308873, 0.13129, 0.164541, 0.16948, -0.148271, -0.152653,  
Speed[A/fs],0.0127524, 0.249681, 0.421154, 0.320249, 0.363994, 0.413608, 0.522783, 0.540043, 

C3H8_7_5r48, C3[0][1][2], H[3], H[4], H[5], H[6], H[7], H[8], H[9], H[10], 
Densities, 11.20024095503758, 0.6602518829265549, 0.2098066844513203, 0.3404615196579522, 0.3788092615990629, 0.4376267242338964, 0.3459450046359339, 0.4823629228346807, 0.3946997030270766, 
Time[fs], 120.000000, 120.000000, 51.500000, 57.500000, 65.500000, 66.000000, 61.000000, 34.000000, 32.000000, 
Density Sum, 14.45020465840406
X Velocity[A/fs], -0.00699855, -0.0166396, 0.0144309, 0.251827, -0.209929, 0.202778, -0.22421, 0.506918, -0.553584,  
Y Velocity[A/fs],-0.00185573, -0.0764256, -0.303601, 0.23664, 0.179415, -0.118161, -0.225309, -0.120791, 0.0384698,  
Z Velocity[A/fs],0.015444, -0.0975527, -0.312232, 0.05695, 0.0730272, 0.107677, 0.0953416, -0.163426, -0.128878,  
Speed[A/fs],0.017057, 0.125037, 0.435742, 0.350226, 0.285645, 0.258216, 0.33185, 0.546136, 0.569689, 

C3H8_7_5r33, C3H[0][1][2][3], H[4], H[5], H[6], H[7], H[8], H[9], H[10], 
Densities, 11.79500114463526, 0.3130594301617946, 0.4977700201223351, 0.4716135260658871, 0.4009875285477864, 0.2021085728332812, 0.5412916534678706, 0.5931319853161686, 
Time[fs], 94.500000, 53.500000, 58.500000, 94.500000, 69.500000, 56.500000, 34.500000, 34.500000, 
Density Sum, 14.81496386115039
X Velocity[A/fs], -0.0105319, -0.0108884, 0.242658, -0.073822, 0.189625, -0.21978, 0.486105, -0.477321,  
Y Velocity[A/fs],-0.00195009, -0.28293, 0.166962, -0.0391999, -0.113282, -0.252511, -0.115793, -0.0392937,  
Z Velocity[A/fs],0.00819834, -0.267028, 0.0300311, 0.025866, 0.157224, 0.228742, -0.122681, -0.130343,  
Speed[A/fs],0.0134884, 0.389194, 0.296076, 0.087495, 0.271127, 0.405447, 0.514545, 0.496355, 

C3H8_7_5r12, C3[0][1][2], H[3], H[4], H[5], H[6], H[7], H[8], H[9], H[10], 
Densities, 11.11896146579966, 0.4624967840107768, 0.4952286278727688, 0.2985038790959595, 0.497339181388431, 0.454367752488241, 0.40294227806554, 0.5766939310448417, 0.3295674592183399, 
Time[fs], 120.000000, 64.000000, 55.000000, 54.000000, 73.000000, 68.000000, 60.000000, 34.500000, 33.500000, 
Density Sum, 14.63610135898456
X Velocity[A/fs], 0.0109462, 0.00910314, 0.00966956, 0.26803, -0.16885, 0.170642, -0.246063, 0.485257, -0.528624,  
Y Velocity[A/fs],0.0004766, 0.215858, -0.187974, 0.231514, 0.122626, -0.186497, -0.182286, -0.0782062, 0.145757,  
Z Velocity[A/fs],0.000428889, -0.220761, -0.279847, 0.134743, 0.162462, 0.161269, 0.0496586, -0.163447, -0.108531,  
Speed[A/fs],0.010965, 0.30889, 0.337257, 0.378939, 0.264464, 0.299846, 0.310228, 0.517982, 0.558988, 

C3H8_7_5r42, C3[0][1][2], H[3], H[4], H[5], H[6], H[7], H[8], H[9], H[10], 
Densities, 11.15582377684084, 0.3324081840559217, 0.4834805816125386, 0.4384337050047662, 0.5178275357397473, 0.4186636518448114, 0.3971332057576149, 0.5307026736153205, 0.3334401871675934, 
Time[fs], 120.000000, 60.500000, 74.500000, 65.000000, 71.500000, 60.500000, 61.500000, 33.000000, 33.000000, 
Density Sum, 14.60791350163915
X Velocity[A/fs], -0.0120379, -0.0106496, -0.00542115, 0.209648, -0.181751, 0.237408, -0.231179, 0.519758, -0.542161,  
Y Velocity[A/fs],0.00144853, 0.236564, -0.175029, 0.179471, 0.145361, -0.170967, -0.17828, -0.0618947, -0.0745075,  
Z Velocity[A/fs],0.00862002, -0.259933, -0.188195, 0.0869412, 0.0738734, 0.123674, 0.138267, -0.143243, -0.164561,  
Speed[A/fs],0.0148766, 0.351627, 0.257064, 0.289345, 0.244173, 0.317628, 0.323025, 0.542677, 0.571464, 

C3H8_7_5r21, C3H3[0][1][2][5][3][6], H[4], H[7], H[8], H[9], H[10], 
Densities, 13.04855921886873, 0.124544713447189, 0.1691367790815629, 0.3394345749935463, 0.5390887518803836, 0.3994908237955804, 
Time[fs], 120.000000, 55.000000, 58.000000, 61.500000, 33.000000, 32.000000, 
Density Sum, 14.620254862067
X Velocity[A/fs], 0.014843, 0.0101609, 0.289226, -0.283453, 0.519105, -0.560782,  
Y Velocity[A/fs],0.00416591, -0.282108, -0.195105, -0.103816, 0.0123981, 0.0342317,  
Z Velocity[A/fs],-0.00472705, -0.32365, 0.173898, 0.130822, -0.141535, -0.114976,  
Speed[A/fs],0.0161249, 0.429462, 0.389818, 0.328995, 0.538197, 0.57347, 

C3H8_7_5r24, C3[0][1][2], H[3], H[4], H[5], H[6], H[7], H[8], H[9], H[10], 
Densities, 11.00974599613733, 0.5596087478303906, 0.3717447349558526, 0.3268146483857731, 0.4555270096734351, 0.544840859974156, 0.4455885478628921, 0.4339712244675096, 0.6627337573272934, 
Time[fs], 111.500000, 60.000000, 52.500000, 57.000000, 61.500000, 66.500000, 63.000000, 35.000000, 34.500000, 
Density Sum, 14.81057552661463
X Velocity[A/fs], -0.00218609, 0.00349097, -0.0340159, 0.258895, -0.206825, 0.175617, -0.196436, 0.491451, -0.475501,  
Y Velocity[A/fs],0.00322444, 0.176082, -0.256408, 0.222231, 0.209452, -0.133471, -0.196412, -0.156277, -0.0595296,  
Z Velocity[A/fs],0.00850927, -0.248431, -0.289099, 0.0799967, 0.134085, 0.175285, 0.167697, -0.119523, -0.112113,  
Speed[A/fs],0.00935862, 0.304524, 0.387918, 0.350446, 0.323459, 0.281746, 0.32448, 0.52937, 0.492152, 

C3H8_7_5r29, C3H[0][1][2][7], H[3], H[4], H[5], H[6], H[8], H[9], H[10], 
Densities, 11.9256751459959, 0.2550191803304614, 0.5691331120360914, 0.32148770446498, 0.4170524260156687, 0.3497696244445284, 0.4575706751519695, 0.4388250972183741, 
Time[fs], 120.000000, 55.500000, 82.500000, 58.500000, 71.500000, 61.000000, 33.500000, 34.500000, 
Density Sum, 14.73453296565797
X Velocity[A/fs], -0.00328645, 0.000680329, 0.00567612, 0.273542, -0.172786, -0.242209, 0.502652, -0.501447,  
Y Velocity[A/fs],-0.00391414, 0.268973, -0.0678133, 0.181185, 0.128116, -0.205476, -0.0970305, 0.16084,  
Z Velocity[A/fs],-0.00527535, -0.299622, -0.185522, 0.0950044, 0.176867, 0.0289391, -0.116923, -0.112612,  
Speed[A/fs],0.0073451, 0.402642, 0.197609, 0.341583, 0.278479, 0.31894, 0.525114, 0.538516, 

C3H8_7_5r41, C3[0][1][2], H[3], H[4], H[5], H[6], H[7], H[8], H[9], H[10], 
Densities, 11.04142093737037, 0.7017372669023587, 0.2968462408551221, 0.4217542852048451, 0.1918438142507181, 0.314685758737238, 0.3613717221641015, 0.5358678028918907, 0.6030794418532075, 
Time[fs], 78.500000, 60.000000, 50.000000, 51.500000, 52.000000, 61.000000, 52.000000, 33.000000, 33.000000, 
Density Sum, 14.46860727022985
X Velocity[A/fs], -0.00274735, 0.00882933, 0.00811222, 0.221501, -0.258732, 0.196795, -0.186437, 0.486934, -0.478412,  
Y Velocity[A/fs],0.00138553, 0.0988783, -0.2889, 0.271667, 0.276204, -0.191084, -0.155952, -0.053416, -0.0944117,  
Z Velocity[A/fs],0.0025024, -0.19281, -0.275225, 0.123574, 0.0805203, 0.183885, 0.265916, -0.134627, -0.107538,  
Speed[A/fs],0.00396606, 0.216865, 0.399097, 0.371667, 0.386929, 0.330234, 0.360265, 0.508019, 0.499356, 

C3H8_7_5r16, C2H[0][2][6], CH[1][5], H[3], H[4], H[7], H[8], H[9], H[10], 
Densities, 7.994411079866753, 4.31079253188912, 0.3197073639877241, 0.7256965914249226, 0.1796385592147303, 0.2463358788688395, 0.5109555045681684, 0.3660474407042377, 
Time[fs], 120.000000, 120.000000, 71.000000, 120.000000, 65.000000, 70.000000, 33.000000, 33.000000, 
Density Sum, 14.6535849505245
X Velocity[A/fs], 0.00164954, 0.0212889, 0.011126, 0.0668215, 0.279553, -0.24442, 0.513702, -0.550731,  
Y Velocity[A/fs],-0.00258364, 0.00830542, 0.180716, 0.00861934, -0.19452, -0.187659, 0.0695647, 0.0512372,  
Z Velocity[A/fs],-0.010939, 0.0247686, -0.260935, -0.0317715, 0.130918, 0.106048, -0.130188, -0.152677,  
Speed[A/fs],0.0113604, 0.0336999, 0.317599, 0.0744905, 0.364867, 0.325888, 0.534489, 0.573795, 

C3H8_7_5r46, C3H[0][1][2][5], H[3], H[4], H[6], H[7], H[8], H[9], H[10], 
Densities, 11.88279245228425, 0.3043535974667769, 0.3221614539413145, 0.3431856320889815, 0.4466108011809409, 0.3870617342256339, 0.5128579889945583, 0.575319308730444, 
Time[fs], 120.000000, 61.500000, 71.000000, 59.500000, 58.000000, 76.000000, 33.500000, 34.500000, 
Density Sum, 14.7743429689129
X Velocity[A/fs], -0.00555045, 0.00502873, -0.0166657, -0.244888, 0.28294, -0.168716, 0.509836, -0.491994,  
Y Velocity[A/fs],0.000960312, 0.24112, -0.209247, 0.223028, -0.153593, -0.145622, 0.106433, -0.0995228,  
Z Velocity[A/fs],0.0105237, -0.258325, -0.224474, 0.102436, 0.0821521, 0.14072, -0.0959658, -0.139948,  
Speed[A/fs],0.0119364, 0.353406, 0.307328, 0.346705, 0.332257, 0.263578, 0.529594, 0.521103, 

C3H8_7_5r30, C3[0][1][2], H[3], H[4], H[5], H[6], H[7], H[8], H[9], H[10], 
Densities, 11.14589525363301, 0.5451133332203196, 0.3873655228156875, 0.3509668482660641, 0.4430264063023151, 0.3608754432409092, 0.2857125411916903, 0.5963927728842698, 0.6188729521461465, 
Time[fs], 96.500000, 60.500000, 50.500000, 62.500000, 60.000000, 56.500000, 54.000000, 34.000000, 33.500000, 
Density Sum, 14.73422107370041
X Velocity[A/fs], 0.0111578, 0.000854276, -0.00965105, 0.201654, -0.207689, 0.213173, -0.261948, 0.463964, -0.480207,  
Y Velocity[A/fs],0.00348857, 0.224556, -0.170229, 0.14904, 0.159001, -0.259717, -0.245117, 0.0647459, 0.0905502,  
Z Velocity[A/fs],0.00565854, -0.192975, -0.314471, 0.21445, 0.180739, 0.126413, 0.0852896, -0.115287, -0.148085,  
Speed[A/fs],0.0129879, 0.296084, 0.357719, 0.329948, 0.317935, 0.358993, 0.368746, 0.482437, 0.510614, 

C3H8_7_5r1, C3[0][1][2], H[3], H[4], H[5], H[6], H[7], H[8], H[9], H[10], 
Densities, 11.15780137759296, 0.2924918643692327, 0.3852208237431197, 0.6060888549384693, 0.4644906710469596, 0.249379604676964, 0.378247083348929, 0.5728809651058343, 0.581469491599145, 
Time[fs], 120.000000, 61.000000, 67.000000, 103.500000, 82.500000, 59.500000, 60.000000, 34.000000, 33.000000, 
Density Sum, 14.68807073642162
X Velocity[A/fs], 0.0108018, 0.0143193, 0.0238958, 0.113078, -0.152537, 0.253634, -0.259921, 0.511647, -0.526061,  
Y Velocity[A/fs],0.0011131, 0.270099, -0.158005, 0.0408261, 0.0921373, -0.212641, -0.164801, 0.0129787, -0.0125922,  
Z Velocity[A/fs],0.0158747, -0.257706, -0.244594, 0.0392337, 0.0384108, 0.155754, 0.122001, -0.157851, -0.0858844,  
Speed[A/fs],0.0192335, 0.373592, 0.292169, 0.126462, 0.182297, 0.365794, 0.331063, 0.535601, 0.533174, 

