pulse_7_5r54, C2H2[0][1][4][7], C2H2[2][3][11][12], H[5], H[6], H[8], H[9], H[10], H[13], 
Densities, 8.734313993902671, 8.576088763136363, 0.3715900771522291, 0.4786273805892449, 0.3432095814563614, 0.4372820196358511, 0.9042301291520555, 0.4381938562249137, 
Time[fs], 120.000000, 120.000000, 73.500000, 45.500000, 62.500000, 54.500000, 120.000000, 44.000000, 
Density Sum, 20.28353580124969
X Velocity[A/fs], -0.0275601, 0.0124635, -0.228772, -0.418548, -0.216977, 0.250002, 0.0735601, 0.449149,  
Y Velocity[A/fs],-0.00184992, 0.0108317, -0.165703, -0.0944518, 0.315504, 0.326378, 0.0559918, -0.0846169,  
Z Velocity[A/fs],0.000878042, -0.000815126, 0.200781, -0.197075, 0.00463316, -0.0152261, 0.0456884, 0.0711734,  
Speed[A/fs],0.027636, 0.0165326, 0.346565, 0.472168, 0.38294, 0.411407, 0.103119, 0.462558, 

pulse_7_5r62, C3H4[0][1][4][5][2][7][10], CH2[3][11][12], H[6], H[8], H[9], H[13], 
Densities, 14.41823773073806, 4.990167532647806, 0.2196624817856306, 0.406615707705918, 0.3278000913056722, 0.1701972932543747, 
Time[fs], 120.000000, 120.000000, 45.500000, 68.000000, 65.500000, 48.500000, 
Density Sum, 20.53268083743746
X Velocity[A/fs], -0.00295056, 0.0338417, -0.43769, -0.17485, 0.236991, 0.41377,  
Y Velocity[A/fs],-0.0029895, -0.0194165, -0.132829, 0.277179, 0.2817, -0.147919,  
Z Velocity[A/fs],0.0061301, -0.00915373, -0.067278, -0.0935751, -0.0368216, 0.168058,  
Speed[A/fs],0.00743109, 0.0400756, 0.462323, 0.340818, 0.369967, 0.470456, 

pulse_7_5r13, C2H3[0][1][4][5][7], C2H2[2][3][10][11], H[6], H[8], H[9], H[12], H[13], 
Densities, 9.555283554317871, 8.831186612630919, 0.3955196706528297, 0.2360538102537315, 0.2098590415668959, 0.5358165133779156, 0.4810810910453702, 
Time[fs], 120.000000, 120.000000, 41.000000, 54.500000, 61.000000, 120.000000, 46.500000, 
Density Sum, 20.24480029384554
X Velocity[A/fs], 0.00149228, 0.0200967, -0.458211, -0.263492, 0.275853, 0.0859264, 0.412444,  
Y Velocity[A/fs],-0.0223669, -0.000728211, -0.104411, 0.341385, 0.30856, -0.0632215, -0.162039,  
Z Velocity[A/fs],0.000322221, -0.0101151, -0.152339, 0.0295822, 0.0803912, 0.0173775, 0.0881491,  
Speed[A/fs],0.0224189, 0.0225105, 0.49403, 0.432257, 0.421625, 0.108085, 0.451815, 

pulse_7_5r10, C3H2[0][1][4][5][2], CH2[3][11][12], H[6], H[7], H[8], H[9], H[10], H[13], 
Densities, 12.54429648155651, 5.205661764033485, 0.5349373810162488, 0.4866635001163179, 0.2574250260865679, 0.3018234149748741, 0.4922397530641203, 0.4419306981386992, 
Time[fs], 100.000000, 100.000000, 43.000000, 75.500000, 49.000000, 57.000000, 100.000000, 46.500000, 
Density Sum, 20.26497801898682
X Velocity[A/fs], -0.0107261, 0.0355588, -0.429541, -0.0749107, -0.25833, 0.289886, 0.0946391, 0.403761,  
Y Velocity[A/fs],-0.0132518, -0.0329392, -0.129012, 0.0803893, 0.379562, 0.295959, 0.148103, -0.126854,  
Z Velocity[A/fs],0.00629007, 0.00616846, -0.0520372, -0.244262, -0.0112023, -0.0417702, 0.097159, 0.11717,  
Speed[A/fs],0.0181721, 0.0488617, 0.451505, 0.26784, 0.459268, 0.416378, 0.200826, 0.43914, 

pulse_7_5r84, C4H3[0][1][4][2][3][11][12], H[5], H[6], H[7], H[8], H[9], H[10], H[13], 
Densities, 17.04288551650014, 0.6833809230818703, 0.4302300812772044, 0.5740332641926907, 0.4492400466405291, 0.3913379085676446, 0.4345037298107698, 0.1943657788242462, 
Time[fs], 98.000000, 91.500000, 44.500000, 96.500000, 55.000000, 57.000000, 85.500000, 40.000000, 
Density Sum, 20.19997724889509
X Velocity[A/fs], -0.00181029, -0.141573, -0.413665, -0.0517007, -0.258484, 0.222955, 0.0543375, 0.500809,  
Y Velocity[A/fs],-0.0164854, -0.0802576, -0.101925, 0.0951743, 0.299878, 0.308505, 0.113751, -0.0865795,  
Z Velocity[A/fs],-0.00289683, 0.0872385, -0.180372, -0.149831, 0.03612, -0.00572791, 0.188533, 0.0914717,  
Speed[A/fs],0.0168356, 0.184648, 0.462646, 0.18488, 0.397549, 0.38068, 0.226797, 0.516404, 

pulse_7_5r24, CH2[0][4][5], C3H2[1][2][3][11][12], H[6], H[7], H[8], H[9], H[10], H[13], 
Densities, 5.138769644665285, 12.60021477584724, 0.3940887297037238, 0.2876658039225079, 0.4941029978099903, 0.3547382229044782, 0.6834485435230864, 0.1669583776554598, 
Time[fs], 96.000000, 96.000000, 41.500000, 73.000000, 54.500000, 54.000000, 96.000000, 40.500000, 
Density Sum, 20.11998709603177
X Velocity[A/fs], -0.0312988, -0.00365563, -0.464055, -0.0689918, -0.24685, 0.226763, 0.039134, 0.509059,  
Y Velocity[A/fs],-0.0342035, -0.00660404, -0.106035, 0.1179, 0.294211, 0.328027, 0.0509391, -0.0687222,  
Z Velocity[A/fs],0.00475131, 0.0186577, -0.062483, -0.257956, 0.0596754, -0.0111921, 0.0763365, 0.0686767,  
Speed[A/fs],0.0466054, 0.0201267, 0.480099, 0.291893, 0.388659, 0.398934, 0.0997674, 0.518247, 

pulse_7_5r48, C4H3[0][1][4][5][2][3][11], H[6], H[7], H[8], H[9], H[10], H[12], H[13], 
Densities, 17.15087244926055, 0.2278850612246905, 0.3249730034867082, 0.4644599760486827, 0.5442571547375071, 0.5058317991753258, 0.4223016812596115, 0.2633734803808811, 
Time[fs], 99.000000, 39.000000, 60.000000, 51.000000, 52.500000, 71.000000, 75.000000, 40.500000, 
Density Sum, 19.90395460557395
X Velocity[A/fs], 0.00250671, -0.504586, -0.0563185, -0.235683, 0.250651, 0.0605731, 0.205858, 0.482873,  
Y Velocity[A/fs],-0.0154911, -0.0696575, 0.118393, 0.324563, 0.305853, 0.108298, -0.133981, -0.0919274,  
Z Velocity[A/fs],-0.00844238, -0.0988627, -0.308412, 0.0390873, -0.0132433, 0.227428, -0.119327, 0.178028,  
Speed[A/fs],0.0178194, 0.518876, 0.335122, 0.403008, 0.395661, 0.259077, 0.27307, 0.522792, 

pulse_7_5r26, C3H2[0][1][4][5][2], CH2[3][11][12], H[6], H[7], H[8], H[9], H[10], H[13], 
Densities, 12.67249175967833, 5.174275043482626, 0.4295914495154388, 0.4967656715719366, 0.4104697044686004, 0.4027213798104684, 0.3752521693371712, 0.3577786131168703, 
Time[fs], 120.000000, 120.000000, 40.000000, 96.500000, 60.000000, 55.000000, 87.000000, 43.000000, 
Density Sum, 20.31934579098144
X Velocity[A/fs], 0.00279744, 0.0400202, -0.481246, -0.0565337, -0.25886, 0.257488, 0.0579865, 0.471471,  
Y Velocity[A/fs],-0.0116693, -0.0358601, -0.0920959, 0.131274, 0.297028, 0.333732, 0.142756, -0.116333,  
Z Velocity[A/fs],0.000738316, 0.0039254, -0.108321, -0.180476, 0.0209068, -0.0236688, 0.22372, 0.078257,  
Speed[A/fs],0.0120226, 0.0538792, 0.501809, 0.230219, 0.394552, 0.422182, 0.271648, 0.491877, 

pulse_7_5r45, CH2[0][4][5], C3H3[1][2][7][3][11][12], H[6], H[8], H[9], H[10], H[13], 
Densities, 5.007560848030283, 13.13008185362521, 0.1470488789284464, 0.4418107791568403, 0.5494686484088093, 0.5952179678247527, 0.1686256346096555, 
Time[fs], 101.500000, 101.500000, 39.500000, 52.000000, 56.500000, 75.500000, 41.000000, 
Density Sum, 20.039814610584
X Velocity[A/fs], -0.050029, 0.0076345, -0.491436, -0.252619, 0.228165, 0.0855356, 0.481565,  
Y Velocity[A/fs],-0.0304895, 0.0100753, -0.119701, 0.322139, 0.290132, 0.0822674, -0.177481,  
Z Velocity[A/fs],-0.00170514, -0.000624178, -0.146556, 0.0485037, 0.0195957, 0.24728, 0.0651387,  
Speed[A/fs],0.0586125, 0.0126565, 0.526609, 0.412241, 0.369621, 0.274284, 0.517346, 

pulse_7_5r66, C2H[0][1][7], C2H3[2][3][9][10][12], H[4], H[5], H[6], H[8], H[11], H[13], 
Densities, 8.022231597604979, 9.556302376589706, 0.7708042907934337, 0.4849496402366147, 0.3675484863990569, 0.1175646957405601, 0.7564271823079551, 0.305254970049437, 
Time[fs], 120.000000, 120.000000, 120.000000, 120.000000, 44.000000, 62.000000, 120.000000, 41.500000, 
Density Sum, 20.38108323972174
X Velocity[A/fs], -0.0203187, 0.041143, -0.0774376, -0.0737913, -0.440906, -0.237258, 0.0617146, 0.464131,  
Y Velocity[A/fs],-0.0150877, -0.0134602, 0.0261761, 0.0567106, -0.111474, 0.337465, 0.0165614, -0.0701772,  
Z Velocity[A/fs],-0.0021552, 0.00498133, 0.0419603, 0.0706718, -0.128641, 0.0024729, -0.0335987, 0.193412,  
Speed[A/fs],0.0253995, 0.0435745, 0.0918828, 0.116858, 0.472624, 0.412529, 0.0721931, 0.507692, 

pulse_7_5r44, C2H2[0][1][4][5], C2H2[2][3][11][12], H[6], H[7], H[8], H[9], H[10], H[13], 
Densities, 8.787393640725032, 8.458154962700302, 0.5138877426404934, 0.7895910903583756, 0.2902194828286055, 0.2385760286282212, 0.8743883663304554, 0.3868595536953064, 
Time[fs], 120.000000, 120.000000, 44.000000, 120.000000, 57.000000, 58.500000, 120.000000, 42.000000, 
Density Sum, 20.33907086790678
X Velocity[A/fs], -0.0100343, 0.0073946, -0.423697, 0.0290581, -0.245735, 0.260687, 0.0231195, 0.48471,  
Y Velocity[A/fs],0.00486579, -0.00494405, -0.0993202, -0.0517949, 0.333036, 0.324015, 0.00690106, -0.0906206,  
Z Velocity[A/fs],0.00701656, -0.0174624, -0.14348, 0.0525749, 0.0293597, 0.0444358, 0.0342667, -0.0260003,  
Speed[A/fs],0.0131756, 0.0195974, 0.458225, 0.0793171, 0.414922, 0.418232, 0.0419087, 0.493793, 

pulse_7_5r21, C4H4[0][1][4][5][2][7][3][11], H[6], H[8], H[9], H[10], H[12], H[13], 
Densities, 17.75546438652343, 0.3052088884832092, 0.3278426505636392, 0.2356073283406176, 0.5817255928313144, 0.5346592011299299, 0.5182818567609127, 
Time[fs], 120.000000, 39.500000, 60.500000, 55.000000, 90.000000, 93.500000, 45.500000, 
Density Sum, 20.25878990463305
X Velocity[A/fs], 0.00142984, -0.513367, -0.237017, 0.263343, 0.0490155, 0.160082, 0.402355,  
Y Velocity[A/fs],-0.00520902, -0.0619982, 0.299875, 0.34314, 0.108937, -0.129814, -0.120101,  
Z Velocity[A/fs],-0.00288594, -0.0226626, -0.021277, -0.0301087, 0.191035, -0.139971, 0.165548,  
Speed[A/fs],0.00612429, 0.517594, 0.382825, 0.433591, 0.225309, 0.249138, 0.451354, 

pulse_7_5r15, C3H[0][1][4][2], CH2[3][11][12], H[5], H[6], H[7], H[8], H[9], H[10], H[13], 
Densities, 11.98405375020295, 5.226110207662244, 0.2938388156184936, 0.3783736314415062, 0.3563794273316996, 0.4130204336410415, 0.5676300806764265, 0.4387708264239247, 0.3654580874950954, 
Time[fs], 88.500000, 88.500000, 88.500000, 39.500000, 66.500000, 51.000000, 54.000000, 88.500000, 40.000000, 
Density Sum, 20.02363526049337
X Velocity[A/fs], -0.00716015, 0.0233068, -0.170047, -0.498654, -0.100747, -0.240513, 0.246288, 0.0994954, 0.478864,  
Y Velocity[A/fs],-0.00887763, -0.0314772, -0.0942387, -0.08409, 0.0893875, 0.346113, 0.286098, 0.167819, -0.100397,  
Z Velocity[A/fs],0.00421516, -0.000268878, 0.169053, 0.0323151, -0.273353, -0.00841108, -0.0445827, 0.0592257, 0.124618,  
Speed[A/fs],0.0121593, 0.0391675, 0.257635, 0.506726, 0.304733, 0.421558, 0.380129, 0.203888, 0.504896, 

pulse_7_5r43, C2H3[0][1][4][5][7], C2H2[2][3][11][12], H[6], H[8], H[9], H[10], H[13], 
Densities, 9.768661631237794, 8.861235591894394, 0.2898865154629764, 0.1962512856119814, 0.3026293612102542, 0.6220517143734964, 0.2651997001738646, 
Time[fs], 120.000000, 120.000000, 43.000000, 56.500000, 71.000000, 111.500000, 43.500000, 
Density Sum, 20.30591579996476
X Velocity[A/fs], -0.00701752, 0.00260495, -0.470359, -0.249153, 0.190029, 0.00109606, 0.441631,  
Y Velocity[A/fs],-0.00163119, -0.0201937, -0.114203, 0.344546, 0.288553, 0.179797, -0.123336,  
Z Velocity[A/fs],0.000275306, -0.0179166, -0.0375127, -0.0237455, -0.0153367, -0.0128307, 0.167907,  
Speed[A/fs],0.00720986, 0.0271215, 0.485476, 0.425855, 0.345846, 0.180258, 0.488305, 

pulse_7_5r82, CH2[0][4][5], C2H[1][2][7], CH2[3][11][12], H[6], H[8], H[9], H[10], H[13], 
Densities, 4.950944283436352, 8.096199154758921, 5.09586953621586, 0.4908099254969797, 0.3597059029347011, 0.3745161344796423, 0.3864914184916206, 0.4611040881155296, 
Time[fs], 120.000000, 120.000000, 120.000000, 43.500000, 55.500000, 56.000000, 78.500000, 43.500000, 
Density Sum, 20.2156404439296
X Velocity[A/fs], -0.0487778, -0.0162151, 0.0300696, -0.441987, -0.278098, 0.26487, 0.0763514, 0.453532,  
Y Velocity[A/fs],-0.0340855, -0.00260796, -0.0347979, -0.141067, 0.323134, 0.327627, 0.182885, -0.112643,  
Z Velocity[A/fs],0.0218586, 0.00023261, -0.00181345, -0.0878541, -0.0403301, -0.0471058, 0.244477, 0.106277,  
Speed[A/fs],0.0633948, 0.0164252, 0.0460257, 0.472197, 0.42823, 0.423927, 0.314715, 0.479244, 

pulse_7_5r35, CH[0][4], C3H[1][2][3][11], H[5], H[6], H[7], H[8], H[9], H[10], H[12], H[13], 
Densities, 4.539254068249374, 11.92575926726271, 0.4763048302661333, 0.5066798712867386, 0.5249953171579409, 0.2369722374835202, 0.4137468580907936, 0.6204268020256145, 0.5333674528437674, 0.2284146122078597, 
Time[fs], 100.500000, 100.500000, 70.500000, 39.000000, 68.000000, 52.500000, 51.500000, 79.000000, 74.500000, 51.500000, 
Density Sum, 20.00592131687445
X Velocity[A/fs], 0.00859592, 0.0206606, -0.180212, -0.477251, -0.0976398, -0.253071, 0.255441, 0.0538834, 0.1909, 0.349712,  
Y Velocity[A/fs],-0.0130401, -0.0179152, -0.0991195, -0.0952604, 0.057036, 0.342338, 0.331025, 0.102388, -0.0426839, -0.183319,  
Z Velocity[A/fs],-0.00656812, -0.0051451, 0.206826, -0.107722, -0.234694, 0.000579317, -0.00655459, 0.170746, -0.16572, 0.18667,  
Speed[A/fs],0.0169432, 0.027826, 0.291682, 0.498445, 0.260515, 0.425724, 0.418176, 0.206254, 0.256374, 0.436749, 

pulse_7_5r37, C4H3[0][1][2][4][3][11][12], H[5], H[6], H[7], H[8], H[9], H[10], H[13], 
Densities, 17.09354671186323, 0.3944284067675322, 0.2279169968456634, 0.4309381573159178, 0.4631577927213207, 0.4564540712615762, 0.5390618550703591, 0.4369475047205422, 
Time[fs], 120.000000, 78.500000, 41.500000, 83.500000, 52.000000, 54.000000, 100.000000, 38.500000, 
Density Sum, 20.04245149656614
X Velocity[A/fs], -0.00795258, -0.21323, -0.471775, -0.0643009, -0.261651, 0.263319, 0.0799382, 0.509477,  
Y Velocity[A/fs],-0.00823772, -0.130072, -0.0929854, 0.169682, 0.335343, 0.318345, 0.126362, -0.0694106,  
Z Velocity[A/fs],0.00696601, 0.16801, -0.213713, -0.199454, 0.0611568, -0.000889886, 0.145789, 0.0799724,  
Speed[A/fs],0.0134026, 0.30102, 0.526204, 0.269645, 0.429717, 0.413136, 0.208834, 0.520365, 

pulse_7_5r4, CH2[0][4][5], C2H2[1][2][7][10], CH2[3][11][12], H[6], H[8], H[9], H[13], 
Densities, 5.227244888513541, 8.878373318293789, 5.101707651529057, 0.2581131405986822, 0.2517497140969718, 0.2810307969496582, 0.2528385676938764, 
Time[fs], 120.000000, 120.000000, 120.000000, 41.000000, 60.000000, 55.000000, 40.500000, 
Density Sum, 20.25105807767557
X Velocity[A/fs], -0.00701899, -0.0032663, 0.0394594, -0.460663, -0.257035, 0.241424, 0.503478,  
Y Velocity[A/fs],-0.0279181, -0.00994805, -0.0268868, -0.11781, 0.290001, 0.325661, -0.0691319,  
Z Velocity[A/fs],-0.0176887, -0.0094924, -0.00201611, -0.162164, 0.00375139, -0.0309138, 0.0392221,  
Speed[A/fs],0.0337872, 0.0141329, 0.0477913, 0.502381, 0.387533, 0.406567, 0.509713, 

pulse_7_5r83, C2H[0][1][4], C2H[2][3][11], H[5], H[6], H[7], H[8], H[9], H[10], H[12], H[13], 
Densities, 8.249958998450463, 8.134101626510573, 0.6161572750130554, 0.3073094006100427, 0.5188006744309529, 0.3320560679603752, 0.5272205831438371, 0.4020209288500605, 0.8385658004404066, 0.1600564743391477, 
Time[fs], 120.000000, 120.000000, 120.000000, 40.500000, 120.000000, 53.000000, 59.000000, 76.000000, 120.000000, 40.000000, 
Density Sum, 20.08624782974891
X Velocity[A/fs], 0.00502979, 0.026987, -0.126006, -0.486956, -0.0756005, -0.263908, 0.211254, 0.0426636, 0.0188828, 0.510344,  
Y Velocity[A/fs],-0.0122366, -5.88481e-05, -0.0781345, -0.0582824, 0.118732, 0.334072, 0.291611, 0.111015, -0.0810255, -0.0611984,  
Z Velocity[A/fs],-0.00753857, -0.00187872, 0.149249, -0.13353, -0.0754634, 0.0261773, -0.0358894, 0.271901, -0.0569123, 0.138198,  
Speed[A/fs],0.015227, 0.0270524, 0.210375, 0.508284, 0.159711, 0.426541, 0.361875, 0.296774, 0.1008, 0.532255, 

pulse_7_5r39, C3H4[0][1][4][5][2][7][10], CH2[3][11][12], H[6], H[8], H[9], H[13], 
Densities, 14.07432390780069, 5.021363329302992, 0.5158848864528519, 0.1179821274401291, 0.2790671469383603, 0.4375867252631335, 
Time[fs], 120.000000, 120.000000, 43.500000, 68.000000, 58.000000, 45.500000, 
Density Sum, 20.44620812319816
X Velocity[A/fs], -0.0139482, 0.0438723, -0.430954, -0.253315, 0.224011, 0.414427,  
Y Velocity[A/fs],0.00438504, -0.00589307, -0.107257, 0.294635, 0.346334, -0.116338,  
Z Velocity[A/fs],0.000159865, -0.00454881, -0.129121, -0.0500685, 0.0417824, 0.163762,  
Speed[A/fs],0.0146221, 0.0444994, 0.46249, 0.391771, 0.414577, 0.460545, 

pulse_7_5r42, C4H3[0][1][4][2][3][11][12], H[5], H[6], H[7], H[8], H[9], H[10], H[13], 
Densities, 17.32715473179704, 0.4191636030499658, 0.4912158949187929, 0.396359679225962, 0.4104896546332454, 0.2509913616705853, 0.4658115748061956, 0.3517311489727504, 
Time[fs], 93.500000, 93.500000, 43.000000, 69.500000, 55.000000, 54.000000, 69.500000, 40.500000, 
Density Sum, 20.11291764907454
X Velocity[A/fs], 0.0156174, -0.127361, -0.42701, -0.0536491, -0.258357, 0.261364, 0.0309175, 0.459647,  
Y Velocity[A/fs],-0.0154421, -0.12153, -0.0788159, 0.0919908, 0.300816, 0.320901, 0.116858, -0.117082,  
Z Velocity[A/fs],0.00663438, 0.068255, -0.152008, -0.2472, 0.0465427, -0.0017985, 0.234258, 0.198454,  
Speed[A/fs],0.0229429, 0.188809, 0.460061, 0.269162, 0.399256, 0.413874, 0.263606, 0.514167, 

pulse_7_5r70, C3H4[0][1][4][5][2][7][10], CH2[3][11][12], H[6], H[8], H[9], H[13], 
Densities, 14.13647042858958, 5.132271003669023, 0.4673916368497404, 0.2169489986435186, 0.2684609999464136, 0.3603837651695007, 
Time[fs], 120.000000, 120.000000, 42.500000, 65.500000, 77.000000, 48.500000, 
Density Sum, 20.58192683286778
X Velocity[A/fs], -0.0132746, 0.0378492, -0.456398, -0.251092, 0.1945, 0.396325,  
Y Velocity[A/fs],0.00628784, -0.0159254, -0.0781486, 0.301978, 0.268021, -0.151359,  
Z Velocity[A/fs],-0.00272662, 0.000412285, -0.105018, 0.0199401, 0.0491677, 0.153572,  
Speed[A/fs],0.0149395, 0.0410652, 0.4748, 0.393237, 0.334788, 0.451185, 

pulse_7_5r1, CH2[0][4][5], C3H2[1][2][3][11][12], H[6], H[7], H[8], H[9], H[10], H[13], 
Densities, 5.03368686359442, 12.62954211952525, 0.4674701090989028, 0.6091821819863438, 0.3426955237965021, 0.422206116799448, 0.4832549756456272, 0.1896671027489144, 
Time[fs], 120.000000, 120.000000, 42.500000, 112.500000, 56.000000, 53.000000, 120.000000, 40.000000, 
Density Sum, 20.17770499319541
X Velocity[A/fs], -0.0297232, 0.00158924, -0.444682, -0.0989521, -0.260616, 0.247477, 0.00011788, 0.51505,  
Y Velocity[A/fs],-0.0323149, -0.00897374, -0.0925906, 0.161265, 0.32217, 0.340635, 0.12948, -0.0922529,  
Z Velocity[A/fs],0.0111815, 0.0109212, -0.153787, 0.0315538, 0.0286619, -0.0029703, 0.173514, 0.0370492,  
Speed[A/fs],0.0453073, 0.0142242, 0.479548, 0.191817, 0.415374, 0.421053, 0.2165, 0.524557, 

pulse_7_5r59, C2H[0][1][4], C2H3[2][3][10][11][12], H[5], H[6], H[7], H[8], H[9], H[13], 
Densities, 8.057956572056812, 9.49931943504893, 0.8981011097732365, 0.5123629133826442, 0.3500404718916293, 0.2974792226483327, 0.4241352746829738, 0.3339278475210369, 
Time[fs], 120.000000, 120.000000, 120.000000, 44.500000, 76.000000, 78.500000, 55.500000, 47.000000, 
Density Sum, 20.37332284700559
X Velocity[A/fs], -0.0267144, 0.0206281, -0.0838077, -0.41785, -0.0105119, -0.161957, 0.273314, 0.409718,  
Y Velocity[A/fs],-0.0041137, -0.0153712, 0.00444828, -0.109618, 0.0487629, 0.284668, 0.315629, -0.113611,  
Z Velocity[A/fs],0.00566278, 0.00591513, -0.0339502, -0.185935, -0.314575, 0.0125746, -0.0012465, 0.175063,  
Speed[A/fs],0.0276161, 0.0263966, 0.0905325, 0.470305, 0.318505, 0.327756, 0.417521, 0.459808, 

pulse_7_5r27, C3H3[0][1][4][5][2][7], CH2[3][11][12], H[6], H[8], H[9], H[10], H[13], 
Densities, 13.29306827825651, 5.062879487877971, 0.4044438810724447, 0.4502012179381878, 0.2525328928566942, 0.3239898450675827, 0.4014956451742027, 
Time[fs], 120.000000, 120.000000, 43.000000, 54.500000, 58.500000, 74.000000, 42.000000, 
Density Sum, 20.1886112482436
X Velocity[A/fs], -0.00217511, 0.0257614, -0.43109, -0.254872, 0.25921, 0.0249014, 0.44537,  
Y Velocity[A/fs],-0.0195798, -0.00390829, -0.115641, 0.311055, 0.326399, 0.116915, -0.123745,  
Z Velocity[A/fs],-0.00402408, -0.0133804, -0.178005, -0.00928168, -0.00033064, 0.292117, 0.200437,  
Speed[A/fs],0.020107, 0.0292909, 0.480518, 0.402245, 0.416805, 0.315629, 0.503828, 

pulse_7_5r57, C2H3[0][1][4][5][7], C2H3[2][3][10][11][12], H[6], H[8], H[9], H[13], 
Densities, 9.684156273807293, 9.521015126737662, 0.4422965291965819, 0.174526601307164, 0.2952776481422983, 0.3553039693827014, 
Time[fs], 120.000000, 120.000000, 43.500000, 62.500000, 67.000000, 46.000000, 
Density Sum, 20.4725761485737
X Velocity[A/fs], -0.00118133, -0.00220867, -0.45898, -0.213976, 0.235267, 0.441839,  
Y Velocity[A/fs],-0.00612755, -0.000150853, -0.0729779, 0.327324, 0.282857, -0.0991013,  
Z Velocity[A/fs],-0.0133187, 0.00747476, -0.0742532, -0.00266149, 0.00503583, 0.126868,  
Speed[A/fs],0.0147082, 0.0077957, 0.47064, 0.391067, 0.367946, 0.470253, 

pulse_7_5r8, C2H2[0][1][5][7], C2H2[2][3][10][12], H[4], H[6], H[8], H[9], H[11], H[13], 
Densities, 8.928186613492311, 8.800148403293958, 0.6365129538569728, 0.405128870961553, 0.2605995917130869, 0.3215784558836135, 0.7255685039907536, 0.2129984179219044, 
Time[fs], 120.000000, 120.000000, 120.000000, 44.000000, 58.000000, 56.500000, 120.000000, 40.000000, 
Density Sum, 20.29072181111416
X Velocity[A/fs], -0.0343994, 0.0143468, -0.0341627, -0.43642, -0.257811, 0.228716, 0.00762378, 0.502111,  
Y Velocity[A/fs],-0.00935724, 0.010059, -0.129385, -0.0961619, 0.315131, 0.32107, 0.0249262, -0.0886624,  
Z Velocity[A/fs],-0.00339735, 0.0135489, -0.0651666, -0.152384, 0.0449155, -0.0190754, -0.0480583, 0.0334985,  
Speed[A/fs],0.0358109, 0.0221492, 0.148843, 0.472156, 0.409624, 0.394666, 0.0546721, 0.510978, 

pulse_7_5r20, C4H2[0][1][4][2][3][11], H[5], H[6], H[7], H[8], H[9], H[10], H[12], H[13], 
Densities, 16.42312915726612, 0.4313466842825581, 0.3905385865311699, 0.5450959789917823, 0.5423483894809358, 0.350050731724224, 0.4442301209633808, 0.4643305660602098, 0.3876295654561707, 
Time[fs], 115.000000, 91.500000, 41.500000, 82.500000, 52.500000, 56.500000, 67.000000, 88.000000, 40.000000, 
Density Sum, 19.97869978075655
X Velocity[A/fs], 0.00758274, -0.161677, -0.47444, -0.103004, -0.253513, 0.248668, 0.0811925, 0.180056, 0.493415,  
Y Velocity[A/fs],-0.0222402, -0.159768, -0.0622482, 0.134128, 0.316914, 0.325447, 0.070561, -0.06436, -0.111767,  
Z Velocity[A/fs],-0.0130672, 0.111945, -0.130037, -0.185519, 0.0727825, 0.014673, 0.286431, -0.163218, 0.128801,  
Speed[A/fs],0.0268864, 0.253371, 0.495861, 0.251033, 0.412311, 0.409838, 0.305963, 0.251401, 0.522054, 

pulse_7_5r0, CH[0][5], C3H4[1][2][7][3][10][11][12], H[4], H[6], H[8], H[9], H[13], 
Densities, 4.208618848650585, 14.05234513007808, 0.8979555748611141, 0.08079391231023449, 0.01149614267105507, 0.01703643115345026, 0.09406938966928928, 
Time[fs], 120.000000, 120.000000, 120.000000, 45.000000, 59.000000, 63.500000, 47.500000, 
Density Sum, 19.36231542939381
X Velocity[A/fs], -0.0237655, 0.000907441, 0.0261551, -0.448075, -0.260135, 0.235665, 0.419102,  
Y Velocity[A/fs],-0.0233808, -0.00299297, -0.0469183, -0.0812006, 0.322536, 0.311713, -0.133791,  
Z Velocity[A/fs],0.00238711, -0.00602289, -0.00267284, -0.165225, 0.00428147, 0.0249711, 0.160015,  
Speed[A/fs],0.033424, 0.0067865, 0.0537825, 0.484421, 0.414388, 0.391569, 0.468136, 

pulse_7_5r85, C4H4[0][1][4][5][2][3][11][12], H[6], H[7], H[8], H[9], H[10], H[13], 
Densities, 17.30020389192336, 0.5307580588306363, 0.6239451592611213, 0.6885255288781179, 0.4083503461714042, 0.6868030513811698, 0.3946898589872653, 
Time[fs], 33.000000, 33.000000, 33.000000, 33.000000, 33.000000, 33.000000, 33.000000, 
Density Sum, 20.63327589543308
X Velocity[A/fs], 0.000836559, -0.267594, -0.0162433, -0.035541, 0.0634823, 0.0311695, 0.234436,  
Y Velocity[A/fs],0.00191227, -0.0414752, 0.0279474, 0.0533871, 0.0961523, 0.0498914, -0.0517581,  
Z Velocity[A/fs],-0.0023889, -0.0856158, -0.0270761, -0.0150516, 0.0150078, -0.00715358, 0.0221001,  
Speed[A/fs],0.0031723, 0.284002, 0.0421666, 0.0658779, 0.116192, 0.059261, 0.241097, 

pulse_7_5r28, CH2[0][4][5], C3H2[1][2][3][11][12], H[6], H[7], H[8], H[9], H[10], H[13], 
Densities, 5.199393102670391, 12.59938675734723, 0.3262861773139869, 0.3515339480177235, 0.4558739219078382, 0.4186512264078879, 0.318961606584251, 0.4110730560071688, 
Time[fs], 98.000000, 98.000000, 41.500000, 73.500000, 53.000000, 55.500000, 69.000000, 40.000000, 
Density Sum, 20.08115979625647
X Velocity[A/fs], -0.0302713, -0.00103712, -0.464368, -0.0538822, -0.251529, 0.26418, 0.066443, 0.47531,  
Y Velocity[A/fs],-0.0310675, -0.0102312, -0.0909904, 0.123169, 0.310518, 0.288486, 0.107174, -0.0824197,  
Z Velocity[A/fs],-0.0141257, -0.00316355, -0.167782, -0.243907, 0.0226636, -0.0389741, 0.26728, 0.148291,  
Speed[A/fs],0.0456188, 0.0107592, 0.502063, 0.278504, 0.400252, 0.393108, 0.295533, 0.504681, 

pulse_7_5r55, C2H2[0][1][4][5], C2H[2][3][12], H[6], H[7], H[8], H[9], H[10], H[11], H[13], 
Densities, 8.876137218524878, 8.121213845631587, 0.2003044413540693, 0.3518699376512512, 0.5218579627863058, 0.3675683749837796, 0.5065345368012424, 0.7539392016129843, 0.4010281241810437, 
Time[fs], 120.000000, 120.000000, 39.500000, 78.000000, 55.000000, 54.500000, 90.500000, 120.000000, 43.500000, 
Density Sum, 20.10045364352714
X Velocity[A/fs], 0.000504109, 0.00190855, -0.511299, -0.0844818, -0.231082, 0.270258, 0.0630404, 0.0754607, 0.456303,  
Y Velocity[A/fs],-0.0241022, 0.0132206, -0.102679, 0.152777, 0.324113, 0.331478, 0.101444, 0.0319902, -0.0957076,  
Z Velocity[A/fs],-0.00498484, -0.00522012, -0.0788467, -0.253648, 0.03694, -0.029818, 0.207361, 0.00454366, 0.0835347,  
Speed[A/fs],0.0246174, 0.0143414, 0.527434, 0.307921, 0.399766, 0.428726, 0.239299, 0.0820874, 0.473657, 

pulse_7_5r72, CH2[0][4][5], C2H2[1][2][7][10], CH2[3][11][12], H[6], H[8], H[9], H[13], 
Densities, 5.072223384767589, 8.788053664379333, 5.121882141673361, 0.352765217383825, 0.3047406979078017, 0.2501268793176508, 0.3875437914254152, 
Time[fs], 120.000000, 120.000000, 120.000000, 42.500000, 55.000000, 58.500000, 40.500000, 
Density Sum, 20.27733577685498
X Velocity[A/fs], -0.0219422, 0.00351199, 0.0162914, -0.4457, -0.257729, 0.25359, 0.479947,  
Y Velocity[A/fs],0.00521099, 0.00446288, -0.0380575, -0.0934432, 0.33234, 0.314935, -0.0900318,  
Z Velocity[A/fs],0.00032384, -0.00606349, 0.00415113, -0.171738, 0.0182432, -0.00892758, 0.123734,  
Speed[A/fs],0.0225548, 0.00830767, 0.0416055, 0.486697, 0.420959, 0.40444, 0.503751, 

pulse_7_5r61, C4H4[0][1][4][2][7][3][11][12], H[5], H[6], H[8], H[9], H[10], H[13], 
Densities, 17.85640090881259, 0.3947479839069452, 0.5818215359153631, 0.4416434453829476, 0.2823682617371128, 0.5052658317205657, 0.2340332630556537, 
Time[fs], 120.000000, 99.500000, 47.000000, 58.000000, 59.000000, 120.000000, 43.500000, 
Density Sum, 20.29628123053117
X Velocity[A/fs], -0.00235766, -0.192618, -0.408745, -0.237546, 0.244532, 0.0640099, 0.454755,  
Y Velocity[A/fs],-0.0126592, -0.0374843, -0.0864507, 0.327818, 0.324848, 0.0540928, -0.148214,  
Z Velocity[A/fs],-0.00284681, 0.1997, -0.129165, 0.0373511, 0.0274119, -0.0241433, 0.131238,  
Speed[A/fs],0.0131878, 0.279977, 0.437298, 0.406556, 0.407521, 0.0872135, 0.495977, 

pulse_7_5r0_test, CH2[0][4][5], C3H4[1][2][7][3][10][11][12], H[6], H[8], H[9], H[13], 
Densities, 5.012320131045412, 14.15670701440885, 0.3074159094138402, 0.2663122356948995, 0.289266868304331, 0.3856718559262248, 
Time[fs], 120.000000, 120.000000, 45.000000, 59.000000, 64.000000, 47.500000, 
Density Sum, 20.41769401479356
X Velocity[A/fs], -0.0365232, 0.0173524, -0.434859, -0.253536, 0.226427, 0.403465,  
Y Velocity[A/fs],-0.0399854, -0.00219138, -0.0758438, 0.309396, 0.299295, -0.128005,  
Z Velocity[A/fs],0.00328457, -0.000484704, -0.161481, 0.00286466, 0.0260006, 0.155492,  
Speed[A/fs],0.0542547, 0.0174969, 0.470032, 0.400018, 0.376195, 0.450941, 

pulse_7_5r16, C2H[0][1][4], C2H[2][3][12], H[5], H[6], H[7], H[8], H[9], H[10], H[11], H[13], 
Densities, 8.175508256406344, 8.066989073210744, 0.8752028576666613, 0.2115937741947573, 0.5071417877417045, 0.3379051395463905, 0.3279870353270084, 0.5736682705858086, 0.8005546918314072, 0.202693917881953, 
Time[fs], 120.000000, 120.000000, 120.000000, 40.000000, 120.000000, 57.000000, 56.500000, 84.000000, 120.000000, 42.500000, 
Density Sum, 20.07924480439278
X Velocity[A/fs], -0.00934214, 0.0266296, -0.0593539, -0.498489, -0.0626086, -0.234746, 0.263847, 0.0492218, 0.0512278, 0.464185,  
Y Velocity[A/fs],-0.0216812, 0.00614434, -0.0621799, -0.0774047, 0.105264, 0.306857, 0.303025, 0.103325, -0.0114667, -0.148358,  
Z Velocity[A/fs],-0.00227503, -0.00614561, 0.0626944, -0.134521, -0.107512, 0.0478516, -0.0614691, 0.199257, -0.028662, 0.0899486,  
Speed[A/fs],0.0237177, 0.0280117, 0.106395, 0.52209, 0.16297, 0.389303, 0.40647, 0.229787, 0.0598104, 0.495549, 

pulse_7_5r74, C4H2[0][1][5][2][3][12], H[4], H[6], H[7], H[8], H[9], H[10], H[11], H[13], 
Densities, 16.33827288357032, 0.4182963395197231, 0.3651890570061767, 0.5748460948841468, 0.2748850062920948, 0.4629955398520192, 0.3708336589676599, 0.7808901272777556, 0.4386559599537801, 
Time[fs], 94.500000, 80.000000, 40.500000, 77.000000, 54.000000, 51.500000, 69.000000, 94.500000, 42.000000, 
Density Sum, 20.02486466732368
X Velocity[A/fs], 0.0014678, -0.153016, -0.491166, -0.0296634, -0.252533, 0.281229, 0.0823841, -0.0181335, 0.453446,  
Y Velocity[A/fs],-0.000357082, -0.182003, -0.0646847, 0.116201, 0.322947, 0.309797, 0.121066, -0.075045, -0.0919873,  
Z Velocity[A/fs],-0.00449307, -0.102119, -0.107609, -0.18454, 0.0257076, -0.0550592, 0.246634, 0.0152868, 0.108802,  
Speed[A/fs],0.00474021, 0.258781, 0.50696, 0.220085, 0.410766, 0.422013, 0.286832, 0.0787037, 0.475303, 

pulse_7_5r69, CH2[0][4][5], C3H3[1][2][3][7][11][12], H[6], H[8], H[9], H[10], H[13], 
Densities, 5.072039945210422, 13.03977109617484, 0.3830100811933195, 0.4552606476214587, 0.3991477846106252, 0.3726215091942684, 0.5202241276174009, 
Time[fs], 95.000000, 95.000000, 40.500000, 58.000000, 53.000000, 72.500000, 46.500000, 
Density Sum, 20.24207519162233
X Velocity[A/fs], -0.0375911, 0.00352123, -0.480415, -0.240415, 0.25421, 0.101197, 0.400431,  
Y Velocity[A/fs],-0.0260491, -0.0013737, -0.0879177, 0.28701, 0.341549, 0.0904996, -0.156327,  
Z Velocity[A/fs],-0.00361449, -0.000402796, -0.098158, 0.0389731, 0.034796, 0.271913, 0.0516825,  
Speed[A/fs],0.0458771, 0.0038011, 0.498159, 0.376421, 0.427188, 0.303921, 0.43296, 

pulse_7_5r76, C2H2[0][1][5][7], C2H2[2][3][10][12], H[4], H[6], H[8], H[9], H[11], H[13], 
Densities, 8.909516113049579, 8.90548809292912, 0.5596536268125379, 0.4847371218385524, 0.1647664339562071, 0.2087458861740644, 0.6993273333024302, 0.5245817221458325, 
Time[fs], 120.000000, 120.000000, 120.000000, 43.000000, 58.500000, 63.000000, 120.000000, 47.000000, 
Density Sum, 20.45681633020832
X Velocity[A/fs], 0.00289485, 0.0225316, -0.0659893, -0.435354, -0.272405, 0.242328, 0.069457, 0.405005,  
Y Velocity[A/fs],-0.0101726, -0.0166509, -0.0689778, -0.092298, 0.321545, 0.317891, -0.0209605, -0.117955,  
Z Velocity[A/fs],-0.000780894, 0.00656073, -0.0874256, -0.138965, 0.0285167, 0.0448084, 0.0239474, 0.101663,  
Speed[A/fs],0.0106053, 0.0287744, 0.129444, 0.466222, 0.422385, 0.402225, 0.0764009, 0.43391, 

pulse_7_5r38, C3H4[0][1][4][5][2][7][10], CH2[3][11][12], H[6], H[8], H[9], H[13], 
Densities, 14.07362358434395, 5.09532545110399, 0.1338241817885494, 0.1851623542463748, 0.4022980261349025, 0.4804802555060504, 
Time[fs], 120.000000, 120.000000, 40.000000, 60.000000, 75.500000, 46.000000, 
Density Sum, 20.37071385312382
X Velocity[A/fs], -0.00564826, 0.0264924, -0.503805, -0.22146, 0.215223, 0.403742,  
Y Velocity[A/fs],-0.00217751, 0.00266061, -0.0730538, 0.333754, 0.25445, -0.127966,  
Z Velocity[A/fs],0.00360729, 0.0107477, -0.127643, 0.0120533, 0.0228006, 0.154767,  
Speed[A/fs],0.00704676, 0.0287131, 0.524832, 0.400726, 0.334044, 0.450928, 

pulse_7_5r18, C2H2[0][1][5][7], C2H3[2][3][10][11][12], H[4], H[6], H[8], H[9], H[13], 
Densities, 8.792466975165285, 9.19910465396625, 0.6769923717727485, 0.46241164333433, 0.4102790592997945, 0.3182945281113755, 0.3802515497662529, 
Time[fs], 120.000000, 120.000000, 120.000000, 44.500000, 53.000000, 55.500000, 43.000000, 
Density Sum, 20.23980078141604
X Velocity[A/fs], -0.0314994, 0.0338331, -0.0182027, -0.440912, -0.255047, 0.257065, 0.46689,  
Y Velocity[A/fs],-0.0186039, 0.00680248, -0.00038391, -0.142534, 0.334748, 0.334875, -0.133763,  
Z Velocity[A/fs],-0.00366163, -0.00036176, 0.0182029, -0.0817021, 0.0113491, 0.0256305, 0.0216169,  
Speed[A/fs],0.0367658, 0.034512, 0.0257455, 0.470526, 0.420992, 0.422942, 0.486155, 

pulse_7_5r29, C2H[0][1][5], C2H[2][3][12], H[4], H[6], H[7], H[8], H[9], H[10], H[11], H[13], 
Densities, 8.030434289246079, 8.112033897700901, 0.860990172335404, 0.3432739739801647, 0.4535070679507708, 0.4414106420913765, 0.194210959915552, 0.4983669876250875, 0.7990551953451963, 0.5093624107761779, 
Time[fs], 120.000000, 120.000000, 120.000000, 42.500000, 99.500000, 56.000000, 54.000000, 89.500000, 120.000000, 45.000000, 
Density Sum, 20.24264559696671
X Velocity[A/fs], -0.0127827, 0.0097041, 0.088216, -0.443422, -0.099706, -0.260296, 0.284585, 0.0641233, 0.0121834, 0.429214,  
Y Velocity[A/fs],-0.00484876, -0.0150489, -0.00491865, -0.121537, 0.154442, 0.313567, 0.353701, 0.0970441, -0.0539524, -0.105938,  
Z Velocity[A/fs],-0.00258165, -0.00987264, 0.0876728, -0.202032, -0.13617, 0.0212586, 0.0230184, 0.217064, 0.0662203, 0.0314785,  
Speed[A/fs],0.0139131, 0.0204477, 0.12447, 0.502206, 0.228771, 0.408081, 0.454558, 0.246264, 0.0862811, 0.443213, 

pulse_7_5r88, CH2[0][4][5], C2H2[1][2][7][10], CH2[3][11][12], H[6], H[8], H[9], H[13], 
Densities, 4.955656459696145, 9.041063998943223, 5.17103651634037, 0.3221642817943715, 0.4366545943836859, 0.2251664571872741, 0.1985539464979134, 
Time[fs], 120.000000, 120.000000, 120.000000, 47.500000, 60.500000, 64.500000, 43.000000, 
Density Sum, 20.35029625484298
X Velocity[A/fs], -0.000699643, 0.0121025, 0.0214611, -0.393722, -0.220596, 0.218056, 0.451738,  
Y Velocity[A/fs],0.00205333, -0.00505416, 0.00389009, -0.114195, 0.294432, 0.311718, -0.117442,  
Z Velocity[A/fs],0.00414903, 0.0131271, -0.00386417, -0.189352, 0.0312318, 0.050679, 0.195616,  
Speed[A/fs],0.0046819, 0.0185563, 0.0221505, 0.451566, 0.369226, 0.383777, 0.506088, 

pulse_7_5r73, C3H4[0][1][4][5][2][7][10], CH2[3][11][12], H[6], H[8], H[9], H[13], 
Densities, 14.10635664414239, 4.991061887442171, 0.4124747628412719, 0.337269495682315, 0.263241301532791, 0.3358820142171044, 
Time[fs], 120.000000, 120.000000, 43.000000, 59.500000, 59.000000, 47.000000, 
Density Sum, 20.44628610585805
X Velocity[A/fs], -0.0161868, 0.0338612, -0.450722, -0.24699, 0.241984, 0.409318,  
Y Velocity[A/fs],-0.0092786, -0.0178694, -0.131538, 0.307604, 0.324476, -0.135389,  
Z Velocity[A/fs],0.00779408, -0.00355537, -0.0899928, -0.0268955, -0.00904189, 0.138829,  
Speed[A/fs],0.0202201, 0.0384517, 0.478071, 0.395409, 0.404874, 0.452929, 

pulse_7_5r47, CH2[0][4][5], C2H[1][2][10], CH[3][11], H[6], H[7], H[8], H[9], H[12], H[13], 
Densities, 5.131866068974479, 8.0872555860368, 4.272786567287794, 0.4936933328436191, 0.467405940170624, 0.3046371839639255, 0.4088489649229236, 0.8875282503577369, 0.3057958916392378, 
Time[fs], 120.000000, 120.000000, 120.000000, 43.000000, 98.000000, 64.000000, 55.500000, 120.000000, 50.500000, 
Density Sum, 20.35981778619714
X Velocity[A/fs], -0.0281412, 0.000358895, 0.0462847, -0.449823, -0.0208119, -0.240681, 0.269735, 0.0464923, 0.373739,  
Y Velocity[A/fs],-0.0402545, 0.00484035, -0.0227183, -0.0749338, 0.0936965, 0.294181, 0.314559, -0.0234789, -0.135163,  
Z Velocity[A/fs],0.0117353, 0.000297292, 0.000577047, -0.140811, -0.20347, 0.0026613, 0.00163484, -0.0529234, 0.212721,  
Speed[A/fs],0.0504982, 0.00486274, 0.0515629, 0.477266, 0.224972, 0.380101, 0.414375, 0.0742541, 0.450777, 

pulse_7_5r86, CH2[0][4][5], C3H3[1][2][7][3][11][12], H[6], H[8], H[9], H[10], H[13], 
Densities, 5.085356216972404, 13.13914986334245, 0.3315985331650198, 0.3178451129472086, 0.3711859153476848, 0.6044101751090695, 0.3585878022220838, 
Time[fs], 120.000000, 120.000000, 43.500000, 54.000000, 57.500000, 96.000000, 41.500000, 
Density Sum, 20.20813361910592
X Velocity[A/fs], -0.0522391, 0.0176683, -0.441319, -0.264799, 0.252527, 0.0597977, 0.45415,  
Y Velocity[A/fs],-0.00571725, -0.00661567, -0.111376, 0.337122, 0.305592, 0.128983, -0.108202,  
Z Velocity[A/fs],-0.00172334, 0.00348028, -0.162394, 0.00980587, -0.0432463, 0.180446, 0.176774,  
Speed[A/fs],0.0525793, 0.0191846, 0.483259, 0.428796, 0.398781, 0.229724, 0.499209, 

pulse_7_5r7, CH2[0][4][5], C2H[1][2][7], CH2[3][11][12], H[6], H[8], H[9], H[10], H[13], 
Densities, 5.195059007691472, 7.95517693908395, 4.8780618315341, 0.3864685167819832, 0.331868911463127, 0.5316603782303323, 0.3666245042695039, 0.4718299680169928, 
Time[fs], 120.000000, 120.000000, 120.000000, 40.000000, 55.000000, 55.000000, 103.000000, 43.000000, 
Density Sum, 20.11675005707146
X Velocity[A/fs], -0.0198792, -0.000627142, 0.0487833, -0.494258, -0.251426, 0.271543, 0.0407234, 0.468817,  
Y Velocity[A/fs],0.00521364, -0.0166813, -0.0431998, -0.130107, 0.343123, 0.306545, 0.234466, -0.0727891,  
Z Velocity[A/fs],0.000526236, 0.0156965, 0.000737875, -0.0660749, -0.0666581, -0.0704808, -0.0660932, 0.117326,  
Speed[A/fs],0.0205582, 0.0229137, 0.0651658, 0.515349, 0.430572, 0.415539, 0.246983, 0.488726, 

pulse_7_5r64, C3H4[0][1][4][5][2][7][10], CH2[3][11][12], H[6], H[8], H[9], H[13], 
Densities, 14.02234256980458, 5.026002625656059, 0.4395184126328522, 0.4128000833122346, 0.2264655586324868, 0.2649360161321279, 
Time[fs], 120.000000, 120.000000, 41.000000, 58.000000, 56.500000, 51.000000, 
Density Sum, 20.39206526617034
X Velocity[A/fs], 0.000953551, 0.054732, -0.471917, -0.198964, 0.292549, 0.372221,  
Y Velocity[A/fs],0.00586125, -0.0284439, -0.0933408, 0.325175, 0.332167, -0.183195,  
Z Velocity[A/fs],-0.00341062, 0.00354871, -0.0421695, -0.0440661, -0.0414334, 0.17211,  
Speed[A/fs],0.00684806, 0.0617839, 0.482905, 0.383755, 0.444564, 0.449144, 

pulse_7_5r75, C2H3[0][1][4][5][7], C2H3[2][3][10][11][12], H[6], H[8], H[9], H[13], 
Densities, 9.613258004048243, 9.538355037899427, 0.4344851325598044, 0.3110017630929308, 0.2564815778663083, 0.254972375542005, 
Time[fs], 120.000000, 120.000000, 45.500000, 64.000000, 56.000000, 42.500000, 
Density Sum, 20.40855389100872
X Velocity[A/fs], -0.0313272, 0.0278181, -0.40884, -0.210234, 0.251934, 0.467724,  
Y Velocity[A/fs],-0.0104065, -0.0114668, -0.103555, 0.298943, 0.330735, -0.122522,  
Z Velocity[A/fs],-0.00219663, -0.00708882, -0.169297, 0.0319194, -0.010871, 0.0698528,  
Speed[A/fs],0.0330834, 0.0309125, 0.454461, 0.366857, 0.415902, 0.488525, 

pulse_7_5r79, C2H[0][1][4], C2[2][3], H[5], H[6], H[7], H[8], H[9], H[10], H[11], H[12], H[13], 
Densities, 8.103151323173263, 7.620829585717265, 0.6882350681017317, 0.5580113711539366, 0.5765725590638515, 0.1250075159818445, 0.4119747482341583, 0.4426123085347633, 0.6914319358407374, 0.3636419062652904, 0.3096146150453555, 
Time[fs], 96.000000, 96.000000, 96.000000, 41.500000, 87.000000, 50.000000, 54.000000, 71.000000, 96.000000, 70.500000, 39.000000, 
Density Sum, 19.8910829371122
X Velocity[A/fs], -0.0191084, -0.00919336, -0.0933163, -0.446098, -0.0675977, -0.282299, 0.248615, 0.093656, 0.0685705, 0.179417, 0.512008,  
Y Velocity[A/fs],-0.012767, -0.00337987, -0.0897688, -0.0698777, 0.120567, 0.366101, 0.307292, 0.0632155, -0.0811524, -0.0890489, -0.112208,  
Z Velocity[A/fs],-0.0049281, -0.00460154, 0.0657884, -0.087723, -0.142844, 0.0654286, 0.0206423, 0.227412, 0.0119742, -0.227142, 0.0858348,  
Speed[A/fs],0.0235035, 0.010822, 0.145239, 0.45998, 0.198772, 0.466908, 0.395808, 0.253937, 0.106916, 0.302842, 0.53114, 

pulse_7_5r53, C2H2[0][1][4][7], C2H3[2][3][10][11][12], H[5], H[6], H[8], H[9], H[13], 
Densities, 8.842504277978797, 9.439606844834806, 0.7458423461267585, 0.4033832401818264, 0.3099525973163973, 0.3331833313399, 0.2404365873356644, 
Time[fs], 120.000000, 120.000000, 120.000000, 42.500000, 56.500000, 55.500000, 42.500000, 
Density Sum, 20.31490922511415
X Velocity[A/fs], -0.0354008, 0.0120651, -0.0171591, -0.448863, -0.25106, 0.244162, 0.470801,  
Y Velocity[A/fs],-0.00203212, -0.014778, -0.0369904, -0.135695, 0.320954, 0.32186, -0.105799,  
Z Velocity[A/fs],0.0161496, -0.00586667, -0.0165557, -0.054749, -0.0362621, -0.0622221, 0.13719,  
Speed[A/fs],0.0389635, 0.0199593, 0.0440093, 0.47211, 0.409094, 0.408754, 0.501666, 

pulse_7_5r34, C4H6[0][1][4][5][2][7][3][10][11][12], H[6], H[8], H[9], H[13], 
Densities, 19.17089913389541, 0.4736610777004581, 0.2173811383872252, 0.2235793603034852, 0.3652593772090502, 
Time[fs], 120.000000, 48.000000, 57.500000, 64.000000, 47.500000, 
Density Sum, 20.45078008749563
X Velocity[A/fs], 0.00253013, -0.391143, -0.237118, 0.226339, 0.394948,  
Y Velocity[A/fs],-0.017073, -0.103191, 0.33464, 0.309167, -0.136706,  
Z Velocity[A/fs],-0.00405331, -0.132495, -0.01668, 0.0117303, 0.187555,  
Speed[A/fs],0.017729, 0.425671, 0.410472, 0.383342, 0.458094, 

pulse_7_5r67, C2H[0][1][4], C2H2[2][3][10][11], H[5], H[6], H[7], H[8], H[9], H[12], H[13], 
Densities, 7.861429198824473, 8.76107091783388, 0.9035180857968595, 0.3265227708710082, 0.3447212237614312, 0.4807379268224778, 0.2082257469211956, 0.7212238841340993, 0.5579398320194172, 
Time[fs], 120.000000, 120.000000, 120.000000, 40.000000, 70.500000, 57.500000, 54.000000, 120.000000, 44.500000, 
Density Sum, 20.16538958698484
X Velocity[A/fs], -0.0102788, 0.0360617, -0.00055946, -0.494578, -0.111131, -0.227302, 0.281655, 0.0451988, 0.440108,  
Y Velocity[A/fs],0.0106138, -0.00597017, 0.0403527, -0.100382, 0.160634, 0.289276, 0.348193, -0.00167952, -0.0898495,  
Z Velocity[A/fs],-0.00221255, 0.018139, 0.00252444, -0.125028, -0.269073, 0.123044, 0.0131481, 0.0340112, 0.054891,  
Speed[A/fs],0.0149399, 0.0408058, 0.0404355, 0.519919, 0.332496, 0.387926, 0.448041, 0.0565908, 0.452527, 

pulse_7_5r14, CH2[0][4][5], C2H[1][2][7], CH2[3][11][12], H[6], H[8], H[9], H[10], H[13], 
Densities, 5.158754361820142, 8.061797304554757, 4.976733462116282, 0.4436906961604888, 0.4487718895795381, 0.2620360276601362, 0.3957874061166646, 0.4493618101587369, 
Time[fs], 120.000000, 120.000000, 120.000000, 41.000000, 54.500000, 61.500000, 89.000000, 44.000000, 
Density Sum, 20.19693295816675
X Velocity[A/fs], -0.0319948, -0.00117805, 0.0114676, -0.483736, -0.255892, 0.276168, 0.0818238, 0.437784,  
Y Velocity[A/fs],-0.0110604, 0.00877438, -0.033958, -0.0582224, 0.328562, 0.313995, 0.117269, -0.121855,  
Z Velocity[A/fs],-0.00753189, 0.00498652, -0.0070009, -0.118071, 0.0261715, -0.00113416, 0.252193, 0.161028,  
Speed[A/fs],0.0346804, 0.0101608, 0.0365194, 0.50133, 0.417275, 0.418166, 0.289911, 0.482113, 

pulse_7_5r68, C2H2[0][1][4][5], C2H3[2][3][10][11][12], H[6], H[7], H[8], H[9], H[13], 
Densities, 8.968017380235814, 9.511246611337173, 0.3193455158235411, 0.4324723066354526, 0.420511781582491, 0.3547730011414605, 0.1724124791025437, 
Time[fs], 120.000000, 120.000000, 40.500000, 83.500000, 59.000000, 63.000000, 40.500000, 
Density Sum, 20.17877907585848
X Velocity[A/fs], -0.00224184, 0.0294255, -0.487179, -0.069648, -0.216098, 0.257726, 0.500247,  
Y Velocity[A/fs],-0.0017593, 0.00139297, -0.0651837, 0.100751, 0.303648, 0.276847, -0.100425,  
Z Velocity[A/fs],-0.00224174, 0.00682807, -0.116226, -0.238973, 0.0547966, 0.0271199, 0.126365,  
Speed[A/fs],0.00362579, 0.0302394, 0.505075, 0.268532, 0.376701, 0.379213, 0.525643, 

pulse_7_5r33, CH2[0][4][5], C2[1][2], CH2[3][11][12], H[6], H[7], H[8], H[9], H[10], H[13], 
Densities, 5.230046578232757, 7.529447299830023, 5.266911621956996, 0.4985375330754439, 0.5147195361600679, 0.2534070662138689, 0.3027521588109529, 0.3995710440506242, 0.3087895262012809, 
Time[fs], 120.000000, 120.000000, 120.000000, 43.000000, 93.500000, 66.000000, 55.500000, 91.500000, 46.500000, 
Density Sum, 20.30418236453201
X Velocity[A/fs], -0.0354928, 0.0175457, 0.027095, -0.434695, -0.0263694, -0.252163, 0.284262, 0.0276919, 0.427875,  
Y Velocity[A/fs],-0.0337985, -0.00364325, -0.0209162, -0.0995032, 0.0632698, 0.285505, 0.330184, 0.145214, -0.129441,  
Z Velocity[A/fs],-0.00642496, 0.00691858, -0.0116465, -0.121779, -0.20193, -0.0191403, 0.0014905, 0.19683, 0.147475,  
Speed[A/fs],0.0494304, 0.0192092, 0.0361561, 0.462267, 0.213247, 0.3814, 0.435693, 0.246162, 0.470724, 

pulse_7_5r80, CH2[0][4][5], C3H3[1][2][7][3][11][12], H[6], H[8], H[9], H[10], H[13], 
Densities, 5.031707906013494, 13.1587125055996, 0.5071500708343983, 0.3872989588433071, 0.3985892659182855, 0.5571360491717495, 0.2387155852730857, 
Time[fs], 120.000000, 120.000000, 43.000000, 57.500000, 56.000000, 120.000000, 40.000000, 
Density Sum, 20.27931034165391
X Velocity[A/fs], -0.0457248, -0.00257228, -0.433821, -0.25428, 0.237325, 0.0641054, 0.508245,  
Y Velocity[A/fs],-0.0475057, 0.00174827, -0.104147, 0.314958, 0.325332, 0.126598, -0.109835,  
Z Velocity[A/fs],0.0156927, 0.00496754, -0.166985, 0.037827, 0.0527924, 0.0119055, 0.0277569,  
Speed[A/fs],0.0677776, 0.00586085, 0.476373, 0.406556, 0.406142, 0.142402, 0.520718, 

pulse_7_5r71, C2H3[0][1][4][5][7], C2H[2][3][12], H[6], H[8], H[9], H[10], H[11], H[13], 
Densities, 9.433804521820885, 7.839471527110262, 0.4946039435558127, 0.2786228021410357, 0.2883335282638698, 0.7940435625333845, 0.8236856672817413, 0.3572306165868016, 
Time[fs], 120.000000, 120.000000, 42.500000, 59.000000, 59.000000, 120.000000, 120.000000, 43.000000, 
Density Sum, 20.30979616929379
X Velocity[A/fs], -0.0346221, 0.0227426, -0.446078, -0.23699, 0.247366, 0.0327147, 0.0702898, 0.466071,  
Y Velocity[A/fs],0.0122014, -0.0162623, -0.137432, 0.329909, 0.321317, 0.0154593, -0.0147077, -0.100411,  
Z Velocity[A/fs],0.00272132, 0.0100631, -0.0673063, -0.0447291, -0.0204088, -0.0506071, -0.00215265, 0.133772,  
Speed[A/fs],0.03681, 0.0297145, 0.471596, 0.408662, 0.406018, 0.0622119, 0.0718443, 0.495176, 

pulse_7_5r77, C3H2[0][1][5][2][10], CH2[3][11][12], H[4], H[6], H[7], H[8], H[9], H[13], 
Densities, 12.45952318926352, 4.950072068351124, 0.8327572749287628, 0.4522029671289461, 0.3185256411167783, 0.2850140819634066, 0.4711420736320877, 0.53956668028999, 
Time[fs], 120.000000, 120.000000, 120.000000, 42.000000, 120.000000, 59.000000, 54.500000, 46.000000, 
Density Sum, 20.30880397667462
X Velocity[A/fs], -0.0129438, 0.0371576, 0.0274743, -0.463902, -0.158119, -0.267137, 0.27061, 0.402183,  
Y Velocity[A/fs],-0.00509105, -0.00750791, -0.0148169, -0.0958736, 0.103395, 0.328308, 0.326446, -0.122504,  
Z Velocity[A/fs],-0.00786454, 0.0114201, 0.0555196, -0.123683, 0.159721, 0.02352, 0.00154992, 0.161379,  
Speed[A/fs],0.0159785, 0.0395914, 0.063693, 0.489586, 0.247392, 0.423913, 0.424027, 0.450335, 

pulse_7_5r22, C4H3[0][1][4][5][2][3][11], H[6], H[7], H[8], H[9], H[10], H[12], H[13], 
Densities, 16.95854304366468, 0.2053161491612675, 0.586007779672453, 0.4298534361032597, 0.5020565434599058, 0.4416567773350044, 0.5033808337374638, 0.3234588894275053, 
Time[fs], 120.000000, 38.500000, 90.000000, 51.500000, 54.000000, 70.000000, 91.000000, 41.500000, 
Density Sum, 19.95027345256154
X Velocity[A/fs], -0.00655601, -0.529232, -0.0975171, -0.261368, 0.23821, 0.0796626, 0.199326, 0.482342,  
Y Velocity[A/fs],-0.0143525, -0.0672394, 0.10319, 0.334026, 0.321553, 0.160669, -0.124241, -0.0866936,  
Z Velocity[A/fs],0.000880047, -0.068712, -0.185805, -0.00886946, -0.0682965, 0.259417, -0.108639, 0.157128,  
Speed[A/fs],0.0158034, 0.537893, 0.23384, 0.424223, 0.405961, 0.315369, 0.258784, 0.514644, 

pulse_7_5r5, C4H2[0][1][2][3][11][12], H[4], H[5], H[6], H[7], H[8], H[9], H[10], H[13], 
Densities, 16.43251056579681, 0.7485343435693563, 0.3602975948909657, 0.2040411314233524, 0.388954655167169, 0.3089490348601369, 0.5595609384778795, 0.503672113239681, 0.5285793389932163, 
Time[fs], 96.000000, 96.000000, 70.000000, 40.000000, 70.500000, 51.500000, 50.500000, 86.000000, 43.500000, 
Density Sum, 20.03509971641857
X Velocity[A/fs], -0.00338294, -0.075273, -0.150138, -0.501578, -0.095531, -0.25218, 0.243231, 0.118921, 0.43475,  
Y Velocity[A/fs],-0.0080936, -0.0712427, -0.0830992, -0.109832, 0.117649, 0.340983, 0.321102, 0.107243, -0.0784029,  
Z Velocity[A/fs],-0.00617879, -0.0207396, 0.235306, -0.12088, -0.233212, 0.0403522, -0.0205502, 0.16082, -0.0263208,  
Speed[A/fs],0.0107298, 0.105696, 0.291231, 0.527499, 0.278128, 0.42602, 0.403348, 0.22695, 0.442546, 

pulse_7_5r56, C2H3[0][1][4][5][7], C2H4[2][3][9][10][11][12], H[6], H[8], H[13], 
Densities, 9.51179247569409, 10.28254467329832, 0.2618644582033208, 0.1059668823485243, 0.4498299442745251, 
Time[fs], 120.000000, 120.000000, 48.500000, 54.500000, 47.000000, 
Density Sum, 20.61199843381878
X Velocity[A/fs], -0.0235432, 0.0337349, -0.413842, -0.228417, 0.403205,  
Y Velocity[A/fs],-0.0178303, 0.00102779, -0.115101, 0.379089, -0.0770553,  
Z Velocity[A/fs],-0.00175477, -0.00672989, -0.144451, 0.0153523, 0.138819,  
Speed[A/fs],0.0295851, 0.034415, 0.453189, 0.442852, 0.433339, 

pulse_7_5r31, CH2[0][4][5], C3H4[1][2][7][3][10][11][12], H[6], H[8], H[9], H[13], 
Densities, 5.045866198815163, 14.08506851671214, 0.3016325991261625, 0.1978648442512388, 0.2719724195036517, 0.3664973211730604, 
Time[fs], 120.000000, 120.000000, 44.500000, 56.000000, 57.000000, 44.000000, 
Density Sum, 20.26890189958141
X Velocity[A/fs], -0.0323215, -0.00508438, -0.417184, -0.272352, 0.251816, 0.439812,  
Y Velocity[A/fs],-0.032426, 0.00217537, -0.145496, 0.322765, 0.315571, -0.125172,  
Z Velocity[A/fs],0.00345008, 0.00416745, -0.168241, -0.0129831, 0.00749339, 0.0918127,  
Speed[A/fs],0.0459133, 0.00692465, 0.472776, 0.422518, 0.403798, 0.466403, 

pulse_7_5r65, C2H3[0][1][4][5][7], C2H3[2][3][10][11][12], H[6], H[8], H[9], H[13], 
Densities, 9.620804183300615, 9.565023542724472, 0.2393105106151592, 0.4535114226112513, 0.3646872086933834, 0.2148999222303512, 
Time[fs], 120.000000, 120.000000, 42.500000, 69.500000, 69.500000, 47.500000, 
Density Sum, 20.45823679017523
X Velocity[A/fs], -0.0107133, 0.031525, -0.449386, -0.192548, 0.203709, 0.429487,  
Y Velocity[A/fs],-5.84431e-05, 0.0163564, -0.118767, 0.265626, 0.27992, -0.116175,  
Z Velocity[A/fs],0.00462949, -0.0150559, -0.187679, -0.0208272, 0.0140154, 0.155294,  
Speed[A/fs],0.0116709, 0.0385751, 0.501276, 0.328733, 0.346481, 0.471245, 

pulse_7_5r58, C2H3[0][1][4][5][7], C2H3[2][3][10][11][12], H[6], H[8], H[9], H[13], 
Densities, 9.721738926717167, 9.609948508172936, 0.3839177984333845, 0.439486413464047, 0.2336572400118631, 0.221027938677449, 
Time[fs], 120.000000, 120.000000, 46.500000, 97.500000, 61.000000, 49.500000, 
Density Sum, 20.60977682547684
X Velocity[A/fs], -0.0141492, 0.0343232, -0.403579, -0.0795118, 0.217673, 0.392279,  
Y Velocity[A/fs],-0.0156587, 0.00911325, -0.116157, 0.203989, 0.337716, -0.145979,  
Z Velocity[A/fs],0.00835082, 0.00250696, -0.146836, -0.0674332, 0.0334186, 0.192346,  
Speed[A/fs],0.0226965, 0.0356008, 0.444892, 0.229087, 0.403176, 0.460641, 

pulse_7_5r2, C4H3[0][1][4][5][2][3][11], H[6], H[7], H[8], H[9], H[10], H[12], H[13], 
Densities, 17.06836458451665, 0.2414501279821431, 0.5717019775210177, 0.5676306058768277, 0.4625177779581868, 0.3472265246777936, 0.4984817768652433, 0.2809171027723569, 
Time[fs], 120.000000, 40.000000, 112.500000, 55.000000, 58.000000, 71.500000, 87.000000, 39.500000, 
Density Sum, 20.03829047817022
X Velocity[A/fs], -0.00215385, -0.494868, -0.024186, -0.243915, 0.233708, 0.0639651, 0.218422, 0.514399,  
Y Velocity[A/fs],-0.013053, -0.0819515, 0.166444, 0.299822, 0.31118, 0.119065, -0.113176, -0.0863277,  
Z Velocity[A/fs],-0.00161285, -0.135097, 0.0308915, -0.0138099, -0.0210627, 0.293557, -0.12885, 0.132057,  
Speed[A/fs],0.0133275, 0.519482, 0.171005, 0.386753, 0.389739, 0.323178, 0.277704, 0.538051, 

pulse_7_5r23, C4H6[0][1][4][5][2][7][3][10][11][12], H[6], H[8], H[9], H[13], 
Densities, 19.45357033001066, 0.3235189965091071, 0.2352075774913958, 0.1554264721864622, 0.2591241617867714, 
Time[fs], 120.000000, 40.500000, 80.000000, 57.500000, 50.000000, 
Density Sum, 20.42684753798439
X Velocity[A/fs], -0.012161, -0.485007, -0.18052, 0.279572, 0.366485,  
Y Velocity[A/fs],0.000799936, -0.0631787, 0.246573, 0.331616, -0.155694,  
Z Velocity[A/fs],-0.00221442, -0.114908, -0.0445897, -0.0059831, 0.200402,  
Speed[A/fs],0.0123868, 0.502422, 0.308826, 0.433781, 0.445772, 

pulse_7_5r60, CH2[0][4][5], C3H2[1][2][3][11][12], H[6], H[7], H[8], H[9], H[10], H[13], 
Densities, 5.219040101612497, 12.56505737521119, 0.4731302510024825, 0.6694170551950371, 0.2212472311985568, 0.3366010053987742, 0.385473433265992, 0.3170688223806679, 
Time[fs], 95.000000, 95.000000, 41.000000, 95.000000, 58.500000, 52.000000, 71.500000, 42.000000, 
Density Sum, 20.1870352752652
X Velocity[A/fs], -0.0232447, 0.0265741, -0.453495, 0.0224951, -0.247499, 0.23749, 0.0787272, 0.460604,  
Y Velocity[A/fs],-0.0263862, -0.00169349, -0.0680469, 0.0254893, 0.299455, 0.347359, 0.0423951, -0.137259,  
Z Velocity[A/fs],-0.00295079, -0.0121398, -0.126298, 0.0115074, 0.0411049, 0.0303351, 0.268564, 0.0593964,  
Speed[A/fs],0.0352882, 0.0292647, 0.475647, 0.0358909, 0.390664, 0.421876, 0.283058, 0.484277, 

pulse_7_5r30, C2H3[0][1][4][5][7], C2H2[2][3][11][12], H[6], H[8], H[9], H[10], H[13], 
Densities, 9.782748074387086, 8.910971268395244, 0.3351576108696447, 0.2634973951687412, 0.2928296733672681, 0.5968764580118435, 0.1135579263743729, 
Time[fs], 120.000000, 120.000000, 41.000000, 61.000000, 77.000000, 120.000000, 40.500000, 
Density Sum, 20.2956384065742
X Velocity[A/fs], -0.0180679, -0.0079094, -0.484021, -0.253745, 0.150384, 0.0409997, 0.49979,  
Y Velocity[A/fs],-0.020605, -0.00815234, -0.0877696, 0.305168, 0.274008, 0.04632, -0.099705,  
Z Velocity[A/fs],-0.00853546, 0.00438239, -0.0733844, 0.0108541, -0.0345233, 0.162036, 0.0720707,  
Speed[A/fs],0.0287031, 0.0121748, 0.497358, 0.397029, 0.314464, 0.173442, 0.514709, 

pulse_7_5r89, C2H3[0][1][4][5][7], C2H3[2][3][10][11][12], H[6], H[8], H[9], H[13], 
Densities, 9.428427173852478, 9.755243674159622, 0.4095218388229543, 0.1388058804029488, 0.3560236350251416, 0.2850400773977066, 
Time[fs], 120.000000, 120.000000, 44.000000, 61.000000, 59.500000, 42.500000, 
Density Sum, 20.37306227966085
X Velocity[A/fs], -0.0181321, 0.0262943, -0.434487, -0.256132, 0.257223, 0.460701,  
Y Velocity[A/fs],-0.00247648, -0.00243868, -0.138526, 0.32579, 0.298784, -0.116366,  
Z Velocity[A/fs],0.000465833, -0.00486792, -0.0463178, -0.0200309, -0.0444831, 0.141154,  
Speed[A/fs],0.0183064, 0.0268521, 0.458382, 0.414902, 0.396755, 0.495693, 

pulse_7_5r32, C4H4[0][1][4][5][2][7][3][11], H[6], H[8], H[9], H[10], H[12], H[13], 
Densities, 17.71576960491429, 0.4849369984133734, 0.2889988181001726, 0.2767914041492482, 0.4463271200262359, 0.6778893504251248, 0.3822062148645268, 
Time[fs], 101.500000, 43.500000, 60.000000, 56.000000, 75.500000, 101.500000, 44.000000, 
Density Sum, 20.27291951089297
X Velocity[A/fs], -0.013406, -0.428171, -0.256724, 0.254395, 0.0535264, 0.0412661, 0.427621,  
Y Velocity[A/fs],-0.00761947, -0.0978304, 0.300068, 0.332094, 0.118165, -0.0187201, -0.122051,  
Z Velocity[A/fs],0.000495802, -0.12915, -0.0194429, -0.0267122, 0.244068, -0.0809065, 0.155281,  
Speed[A/fs],0.015428, 0.457801, 0.395381, 0.419186, 0.276401, 0.0927318, 0.471029, 

pulse_7_5r40, CH2[0][4][5], C3H2[1][2][3][11][12], H[6], H[7], H[8], H[9], H[10], H[13], 
Densities, 5.083304478322419, 12.67661131079307, 0.3978797357438044, 0.4652495993006577, 0.3855625023724594, 0.3888840760678419, 0.5750939898242735, 0.1820799284873917, 
Time[fs], 120.000000, 120.000000, 40.500000, 94.500000, 55.000000, 55.500000, 116.500000, 40.000000, 
Density Sum, 20.15466562091192
X Velocity[A/fs], -0.020792, 0.00465699, -0.479378, -0.0842853, -0.258598, 0.243945, 0.0705756, 0.496366,  
Y Velocity[A/fs],-0.0435906, 0.0104173, -0.0853778, 0.130307, 0.324606, 0.326425, 0.132343, -0.10414,  
Z Velocity[A/fs],0.00196858, 0.00543657, -0.0565201, -0.182875, 0.0364702, 0.00330667, 0.108986, 0.149298,  
Speed[A/fs],0.0483355, 0.0126398, 0.490191, 0.239848, 0.41662, 0.407521, 0.185401, 0.528691, 

pulse_7_5r6, CH[0][4], C3H4[1][2][3][7][10][11][12], H[5], H[6], H[8], H[9], H[13], 
Densities, 4.303600082436329, 14.11725963148228, 0.2654761256609594, 0.3043575509767978, 0.2597925820782861, 0.4518430059455002, 0.45441892227929, 
Time[fs], 120.000000, 120.000000, 102.000000, 39.000000, 58.000000, 53.000000, 43.500000, 
Density Sum, 20.15674790085944
X Velocity[A/fs], 0.00618542, 0.0183755, -0.0916748, -0.498606, -0.25109, 0.256224, 0.446431,  
Y Velocity[A/fs],-0.0425067, 0.000700569, -0.24836, -0.0924925, 0.330323, 0.335475, -0.132589,  
Z Velocity[A/fs],-0.000944363, -0.00203854, 0.0571122, -0.178785, 0.0190665, 0.0235855, 0.030588,  
Speed[A/fs],0.0429648, 0.0185015, 0.270829, 0.537705, 0.415359, 0.422789, 0.466708, 

pulse_7_5r49, C4H[0][1][5][2][3], H[4], H[6], H[7], H[8], H[9], H[10], H[11], H[12], H[13], 
Densities, 15.69426583735361, 0.5064621128657185, 0.2968102645186242, 0.4327921033941113, 0.5354154442180082, 0.4668373376960356, 0.3686886465528246, 0.7295003518982494, 0.5722627315610186, 0.3540514301918934, 
Time[fs], 87.500000, 86.500000, 38.500000, 74.000000, 50.000000, 52.500000, 64.500000, 87.500000, 81.500000, 39.500000, 
Density Sum, 19.95708626025009
X Velocity[A/fs], 0.00456804, -0.152805, -0.5133, -0.0937613, -0.241376, 0.242533, 0.0753877, 0.0556683, 0.141365, 0.487438,  
Y Velocity[A/fs],-0.00421249, -0.131203, -0.0576686, 0.147302, 0.318173, 0.305262, 0.075652, -0.0163913, -0.0608847, -0.107131,  
Z Velocity[A/fs],-0.00724077, -0.0733899, -0.0729292, -0.188841, 0.0561734, -0.00967415, 0.267377, 0.0356288, -0.156635, 0.0847993,  
Speed[A/fs],0.00954153, 0.214359, 0.521653, 0.257196, 0.403301, 0.390001, 0.287919, 0.0680959, 0.219604, 0.506225, 

pulse_7_5r3, CH2[0][4][5], C3H2[1][2][3][11][12], H[6], H[7], H[8], H[9], H[10], H[13], 
Densities, 5.226147574874299, 12.54142869771359, 0.244077114478355, 0.4649328058834246, 0.3596443732006998, 0.4500940216038289, 0.4145123059688293, 0.5315476136498857, 
Time[fs], 119.000000, 119.000000, 40.000000, 91.500000, 59.500000, 58.000000, 82.000000, 47.000000, 
Density Sum, 20.23238450737291
X Velocity[A/fs], -0.0222975, 0.0208491, -0.505182, -0.0545539, -0.219991, 0.283009, 0.100052, 0.403872,  
Y Velocity[A/fs],-0.0345747, 0.0141953, -0.0853558, 0.107991, 0.327176, 0.301726, 0.148566, -0.108566,  
Z Velocity[A/fs],-0.00323046, -0.00932267, -0.0888827, -0.218674, 0.00152792, -0.0592737, 0.238591, 0.157853,  
Speed[A/fs],0.0412677, 0.0268906, 0.519994, 0.249913, 0.394262, 0.417907, 0.298342, 0.447008, 

pulse_7_5r78, C2H2[0][1][5][7], C2H3[2][3][10][11][12], H[4], H[6], H[8], H[9], H[13], 
Densities, 8.871464799249795, 9.550548506946672, 0.4781088541248782, 0.256150018912645, 0.4492889113048401, 0.2576666941527044, 0.3441103465048827, 
Time[fs], 120.000000, 120.000000, 107.000000, 39.000000, 57.000000, 55.500000, 42.000000, 
Density Sum, 20.20733813119642
X Velocity[A/fs], -0.00333306, 0.0271755, -0.183592, -0.515299, -0.213647, 0.25773, 0.484018,  
Y Velocity[A/fs],-0.00158256, -0.0025158, -0.128476, -0.0815573, 0.316085, 0.337402, -0.101351,  
Z Velocity[A/fs],0.00684961, -0.0112578, -0.118719, -0.0356245, 0.0146859, -0.000201945, 0.0137278,  
Speed[A/fs],0.00778016, 0.0295225, 0.253587, 0.522928, 0.381799, 0.424576, 0.494706, 

pulse_7_5r63, C3H4[0][1][4][5][2][7][10], CH2[3][11][12], H[6], H[8], H[9], H[13], 
Densities, 13.938530849312, 5.176147512348409, 0.3981495436324796, 0.3753681616601853, 0.1322115681899318, 0.4651819897592021, 
Time[fs], 120.000000, 120.000000, 43.500000, 58.500000, 62.500000, 45.500000, 
Density Sum, 20.4855896249022
X Velocity[A/fs], -0.0182865, 0.0482002, -0.427167, -0.241242, 0.248837, 0.397692,  
Y Velocity[A/fs],-0.00398906, 0.00211295, -0.109604, 0.308607, 0.321122, -0.147123,  
Z Velocity[A/fs],-0.00779564, 0.00651818, -0.174363, 0.0390304, 0.0382705, 0.173209,  
Speed[A/fs],0.0202752, 0.0486848, 0.474222, 0.393649, 0.408049, 0.458045, 

pulse_7_5r51, CH2[0][4][5], C3H2[1][2][3][11][12], H[6], H[7], H[8], H[9], H[10], H[13], 
Densities, 5.154513731371825, 12.62843653778657, 0.4237397597587914, 0.5436915199219471, 0.2723169207005002, 0.4614940843768749, 0.4588600739964873, 0.1844304317468794, 
Time[fs], 108.500000, 108.500000, 43.500000, 90.500000, 52.500000, 59.000000, 78.000000, 42.000000, 
Density Sum, 20.12748305965988
X Velocity[A/fs], -0.0209645, 0.00408879, -0.443518, -0.07078, -0.272909, 0.24261, 0.0681728, 0.461967,  
Y Velocity[A/fs],0.00643711, -0.00865163, -0.117438, 0.0762081, 0.344402, 0.273451, 0.162818, -0.113823,  
Z Velocity[A/fs],0.00706971, -0.00153269, -0.0520167, -0.18488, -0.014419, -0.0641909, 0.207433, 0.162703,  
Speed[A/fs],0.0230419, 0.00969113, 0.461742, 0.212128, 0.439659, 0.371154, 0.27237, 0.502834, 

pulse_7_5r11, C2H3[0][1][4][5][7], C2H3[2][3][10][11][12], H[6], H[8], H[9], H[13], 
Densities, 9.607791286727238, 9.647713472270183, 0.1934405508377957, 0.3498445915916489, 0.3345689361658541, 0.1270971965746326, 
Time[fs], 120.000000, 120.000000, 41.000000, 72.000000, 69.500000, 41.500000, 
Density Sum, 20.26045603416735
X Velocity[A/fs], -0.0304178, 0.0256466, -0.472763, -0.20069, 0.214315, 0.476803,  
Y Velocity[A/fs],0.00402683, -0.0170878, -0.100166, 0.260202, 0.268716, -0.119611,  
Z Velocity[A/fs],-0.00779016, -0.00476262, -0.17822, -0.0197034, 0.0326981, 0.159341,  
Speed[A/fs],0.0316567, 0.0311837, 0.515073, 0.329195, 0.345266, 0.516757, 

pulse_7_5r25, C3H2[0][1][4][5][2], CH2[3][11][12], H[6], H[7], H[8], H[9], H[10], H[13], 
Densities, 12.66956528392366, 5.222143286719629, 0.5422901305264506, 0.6562338928529847, 0.196124719711136, 0.2285463791757957, 0.2822951917876575, 0.4862922871798733, 
Time[fs], 120.000000, 120.000000, 42.000000, 120.000000, 58.000000, 56.500000, 120.000000, 45.500000, 
Density Sum, 20.28349117187719
X Velocity[A/fs], -0.00286139, 0.0417154, -0.458275, -0.0730604, -0.245226, 0.284228, 0.0591272, 0.415929,  
Y Velocity[A/fs],0.00397295, -0.0298467, -0.0937063, 0.0139253, 0.34365, 0.33106, 0.170241, -0.125573,  
Z Velocity[A/fs],0.00352068, -0.00867343, -0.0508553, -0.174721, 0.00927883, 0.00425736, -0.0326992, 0.137955,  
Speed[A/fs],0.00603052, 0.0520214, 0.470514, 0.189892, 0.422277, 0.436354, 0.183159, 0.455847, 

pulse_7_5r81, CH2[0][4][5], C3H[1][2][3][12], H[6], H[7], H[8], H[9], H[10], H[11], H[13], 
Densities, 5.183799234172157, 11.97406003227047, 0.4878901136422975, 0.3926724643337685, 0.426368211968529, 0.427882789768073, 0.5934101683728644, 0.3433061146539688, 0.3926803188345126, 
Time[fs], 102.500000, 102.500000, 43.500000, 77.500000, 56.500000, 55.500000, 102.500000, 102.500000, 40.500000, 
Density Sum, 20.22206944801664
X Velocity[A/fs], -0.025694, 0.00522946, -0.434104, -0.0886407, -0.248744, 0.264078, 0.030253, 0.0934839, 0.492348,  
Y Velocity[A/fs],-0.0259023, -0.00554974, -0.089578, 0.129714, 0.310185, 0.310626, 0.127232, -0.139295, -0.0730204,  
Z Velocity[A/fs],-0.00366161, -0.000378494, -0.135847, -0.237698, 0.0458203, -0.00961278, 0.0902525, 0.132634, 0.0586113,  
Speed[A/fs],0.0366677, 0.0076348, 0.4636, 0.284926, 0.400235, 0.407821, 0.158899, 0.213855, 0.501173, 

pulse_7_5r12, C2H2[0][1][5][7], C2H3[2][3][10][11][12], H[4], H[6], H[8], H[9], H[13], 
Densities, 8.892425486628161, 9.516491820018635, 0.4595224960410741, 0.3190349733833844, 0.2173854630629506, 0.4291241721735273, 0.2896953234748213, 
Time[fs], 120.000000, 120.000000, 120.000000, 39.500000, 56.500000, 52.000000, 41.500000, 
Density Sum, 20.12367973478255
X Velocity[A/fs], -0.0134394, 0.0348015, -0.017598, -0.493526, -0.271318, 0.24448, 0.476505,  
Y Velocity[A/fs],-0.0223443, -0.00437388, -0.161272, -0.0843875, 0.314696, 0.337586, -0.0917983,  
Z Velocity[A/fs],-0.0091666, 0.0140536, -0.102744, -0.148268, 0.00840447, -0.0464388, 0.141874,  
Speed[A/fs],0.0276389, 0.037786, 0.192028, 0.522181, 0.415593, 0.419394, 0.505581, 

pulse_7_5r17, C4H5[0][1][4][5][2][3][10][11][12], H[6], H[7], H[8], H[9], H[13], 
Densities, 18.3351304593459, 0.4282279267583514, 0.8673971766341885, 0.1977923679028739, 0.2024773415611322, 0.4913228452523672, 
Time[fs], 120.000000, 43.500000, 120.000000, 74.500000, 59.500000, 46.500000, 
Density Sum, 20.52234811745481
X Velocity[A/fs], -0.0088114, -0.435949, -0.0001243, -0.231951, 0.216891, 0.41834,  
Y Velocity[A/fs],-0.0126175, -0.110236, -0.0927541, 0.270962, 0.353903, -0.0844056,  
Z Velocity[A/fs],0.00149958, -0.168909, -0.056944, -0.0154339, -0.00261447, 0.0949777,  
Speed[A/fs],0.0154625, 0.480347, 0.108839, 0.357015, 0.415086, 0.437211, 

pulse_7_5r9, C2H2[0][1][4][7], C2H3[2][3][10][11][12], H[5], H[6], H[8], H[9], H[13], 
Densities, 8.843596252764536, 9.514574505659629, 0.7829570290287092, 0.4521252576343828, 0.3969512064208247, 0.194093020206887, 0.2854328237039309, 
Time[fs], 120.000000, 120.000000, 120.000000, 51.500000, 69.500000, 61.000000, 39.500000, 
Density Sum, 20.4697300954189
X Velocity[A/fs], -0.0275576, 0.0110856, -0.0782401, -0.342109, -0.209536, 0.223423, 0.516889,  
Y Velocity[A/fs],-0.00189335, -0.0171683, 0.0461034, -0.16166, 0.273393, 0.323825, -0.0734973,  
Z Velocity[A/fs],0.00184912, -0.000176927, 0.0527658, -0.179933, 0.0356037, 0.0828043, 0.0041744,  
Speed[A/fs],0.0276844, 0.0204371, 0.10503, 0.418985, 0.34629, 0.402041, 0.522105, 

pulse_7_5r19, CH2[0][4][5], C3H[1][2][3][11], H[6], H[7], H[8], H[9], H[10], H[12], H[13], 
Densities, 5.083663140052574, 11.8210612749496, 0.358684264731502, 0.5019567571139673, 0.3763789304007608, 0.2554579020307945, 0.6106485834605637, 0.9209491512366377, 0.2863263634540906, 
Time[fs], 120.000000, 120.000000, 44.000000, 112.500000, 60.000000, 57.500000, 120.000000, 120.000000, 42.000000, 
Density Sum, 20.21512636743049
X Velocity[A/fs], -0.0281656, 0.0113846, -0.427237, -0.0591761, -0.258924, 0.231024, 0.0235007, 0.0777591, 0.484171,  
Y Velocity[A/fs],-0.0246235, -0.00962866, -0.116593, 0.140803, 0.292306, 0.332943, 0.011724, 0.00693664, -0.107514,  
Z Velocity[A/fs],-0.0153443, -0.00142405, -0.167008, -0.133081, 0.0437031, 0.0170424, 0.134529, 0.0164243, 0.0695025,  
Speed[A/fs],0.040436, 0.0149782, 0.473304, 0.202578, 0.392931, 0.405603, 0.137069, 0.0797769, 0.500811, 

pulse_7_5r41, C3H4[0][1][4][5][2][7][10], CH2[3][11][12], H[6], H[8], H[9], H[13], 
Densities, 13.92206808554967, 5.033781382320634, 0.3202861565011642, 0.1947330377606589, 0.4320153904502465, 0.4371202209000605, 
Time[fs], 120.000000, 120.000000, 40.000000, 56.500000, 57.000000, 49.500000, 
Density Sum, 20.34000427348244
X Velocity[A/fs], -0.0119796, 0.0470648, -0.484523, -0.240922, 0.276896, 0.349833,  
Y Velocity[A/fs],-0.00440133, -0.0268049, -0.109411, 0.347291, 0.295478, -0.177223,  
Z Velocity[A/fs],-0.00146689, 4.25055e-05, -0.137912, -0.0328112, 0.000286044, 0.200613,  
Speed[A/fs],0.0128466, 0.0541627, 0.515513, 0.423947, 0.404943, 0.440496, 

pulse_7_5r46, C2H2[0][1][4][7], C2H[2][3][12], H[5], H[6], H[8], H[9], H[10], H[11], H[13], 
Densities, 8.982109818082494, 7.832925411247825, 0.7815060832162297, 0.2929167116295565, 0.3092842699415995, 0.2623970876725575, 0.6241367447540977, 0.8206726811125236, 0.3283647334008787, 
Time[fs], 120.000000, 120.000000, 120.000000, 45.500000, 60.000000, 61.500000, 120.000000, 120.000000, 40.000000, 
Density Sum, 20.23431354105776
X Velocity[A/fs], -0.0167983, 0.00606869, -0.0840267, -0.421389, -0.251672, 0.247522, 0.0327227, 0.0114972, 0.489315,  
Y Velocity[A/fs],-0.00454398, -0.00490261, -0.0371124, -0.130735, 0.303503, 0.302359, -0.0721522, 0.0187531, -0.076187,  
Z Velocity[A/fs],-0.0059443, 0.015783, -0.018734, -0.16313, -0.0435117, -0.00914903, 0.0221815, -0.0182083, 0.150106,  
Speed[A/fs],0.0183893, 0.0176059, 0.0937485, 0.470395, 0.396669, 0.390861, 0.0822723, 0.0285554, 0.517461, 

pulse_7_5r52, C3H2[0][1][4][2][7], CH2[3][11][12], H[5], H[6], H[8], H[9], H[10], H[13], 
Densities, 12.55870731812502, 5.185644893370432, 0.4343377526360918, 0.5755135419900246, 0.3319646730523662, 0.4962696681881761, 0.4220056057338294, 0.2277811872116394, 
Time[fs], 96.500000, 96.500000, 78.500000, 44.500000, 54.000000, 59.500000, 71.000000, 42.000000, 
Density Sum, 20.23222464030757
X Velocity[A/fs], -0.00571638, 0.00982452, -0.215983, -0.402513, -0.272877, 0.22259, 0.0484096, 0.475713,  
Y Velocity[A/fs],-0.00416688, -0.00577796, -0.117725, -0.0928366, 0.319753, 0.272332, 0.126539, -0.101775,  
Z Velocity[A/fs],-0.00989476, 0.00862657, 0.0950168, -0.172853, 0.0118976, -0.0298059, 0.252838, 0.108874,  
Speed[A/fs],0.0121633, 0.0142942, 0.263697, 0.447787, 0.42053, 0.352987, 0.28685, 0.498512, 

pulse_7_5r50, C4H[0][1][4][2][3], H[5], H[6], H[7], H[8], H[9], H[10], H[11], H[12], H[13], 
Densities, 15.73182025223655, 0.4077301315696255, 0.4572142963587093, 0.776770866133108, 0.329841384702127, 0.4288532832024634, 0.4796272118736244, 0.6596860756121574, 0.4848919548302559, 0.4197431471751444, 
Time[fs], 104.500000, 76.500000, 43.500000, 104.500000, 55.500000, 53.500000, 90.500000, 104.500000, 104.500000, 43.000000, 
Density Sum, 20.17617860369377
X Velocity[A/fs], 0.00363895, -0.197997, -0.422473, 0.00368479, -0.252318, 0.272857, 0.0876968, 0.00159628, 0.0667288, 0.445371,  
Y Velocity[A/fs],-0.0114538, -0.0564132, -0.15177, 0.116262, 0.325448, 0.317739, 0.16651, -0.0382784, 0.0575602, -0.097008,  
Z Velocity[A/fs],-0.00615362, 0.220239, -0.13682, -0.0677405, -0.062526, -0.0545279, 0.143359, -0.0304058, -0.0711942, 0.144814,  
Speed[A/fs],0.0135018, 0.30148, 0.469295, 0.134608, 0.416522, 0.422354, 0.236576, 0.0489111, 0.11329, 0.478264, 

